Order_ID,Order_Date,Shipment_Date,Delivery_Date,Month,Quarter,Year,Region,Warehouse,Supplier,Product_Category,Product,Units_Ordered,Units_Shipped,Inventory_On_Hand,Reorder_Level,Lead_Time_Days,Delivery_Status,Delivery_Delay_Days,Transportation_Cost,Inventory_Holding_Cost,Demand_Forecast,Actual_Demand
ORD-1001,2025-10-16,2025-10-17,2025-10-19,Oct,Q4,2025,East,Kolkata-W5,Delta Freight,FMCG,Detergent,396,380,1216,239,2,On-Time,0,6430.22,3686.51,159,159
ORD-1002,2024-01-28,2024-01-31,2024-02-05,Jan,Q1,2024,West,Mumbai-W7,HyperChain Corp,Automotive,Tyre,464,454,1654,313,5,On-Time,0,20311.27,4798.63,401,430
ORD-1003,2024-04-04,2024-04-06,2024-04-09,Apr,Q2,2024,East,Bhubaneswar-W6,JetStream Logistics,Apparel,T-Shirt,423,388,355,537,3,Delayed,5,42323.21,13133.36,454,481
ORD-1004,2024-07-15,2024-07-18,2024-07-21,Jul,Q3,2024,North,Delhi-W1,EcoShip India,Electronics,Smartphone,493,426,669,614,3,On-Time,0,21417.45,8663.26,157,147
ORD-1005,2025-12-19,2025-12-22,2026-01-03,Dec,Q4,2025,North,Delhi-W1,IndoTrans Pvt Ltd,FMCG,Shampoo,286,259,1995,720,12,Delayed,6,42928.34,15968.0,177,157
ORD-1006,2024-11-19,2024-11-21,2024-11-27,Nov,Q4,2024,North,Delhi-W1,JetStream Logistics,Apparel,Jeans,385,356,1911,619,6,Delayed,3,16098.24,12104.63,191,174
ORD-1007,2025-03-14,2025-03-17,2025-03-25,Mar,Q1,2025,East,Kolkata-W5,ClearPath Distributors,Automotive,Battery,96,92,1863,262,8,Delayed,3,40643.57,9598.88,68,72
ORD-1008,2025-09-02,2025-09-04,2025-09-14,Sep,Q3,2025,East,Kolkata-W5,BlueStar Supply Co,Automotive,Tyre,443,419,328,450,10,On-Time,0,25417.57,19168.69,530,488
ORD-1009,2025-05-27,2025-05-28,2025-06-07,May,Q2,2025,North,Lucknow-W2,IndoTrans Pvt Ltd,Automotive,Engine Oil,128,115,430,702,10,On-Time,0,46509.53,18532.88,321,346
ORD-1010,2024-01-20,2024-01-21,2024-01-28,Jan,Q1,2024,East,Kolkata-W5,Apex Logistics,FMCG,Detergent,93,89,1771,220,7,On-Time,0,28971.78,4263.69,373,377
ORD-1011,2025-07-16,2025-07-17,2025-07-23,Jul,Q3,2025,West,Mumbai-W7,IndoTrans Pvt Ltd,FMCG,Biscuits,254,253,1430,532,6,On-Time,0,28290.91,4178.08,127,155
ORD-1012,2024-01-22,2024-01-25,2024-02-04,Jan,Q1,2024,South,Chennai-W3,Apex Logistics,Electronics,Laptop,167,143,164,488,10,Delayed,4,17531.48,10737.46,269,316
ORD-1013,2025-08-07,2025-08-10,2025-08-19,Aug,Q3,2025,South,Bengaluru-W4,GlobalLink Supply,FMCG,Detergent,99,93,825,583,9,On-Time,0,43872.65,2975.08,446,374
ORD-1014,2024-04-10,2024-04-11,2024-04-19,Apr,Q2,2024,East,Kolkata-W5,Delta Freight,FMCG,Shampoo,324,297,964,337,8,Delayed,4,44351.87,3356.93,518,453
ORD-1015,2025-07-17,2025-07-18,2025-07-20,Jul,Q3,2025,North,Delhi-W1,Delta Freight,FMCG,Cooking Oil,298,274,1870,560,2,On-Time,0,12408.67,2038.8,216,239
ORD-1016,2025-04-10,2025-04-12,2025-04-20,Apr,Q2,2025,West,Mumbai-W7,Delta Freight,Apparel,Jeans,79,74,1210,212,8,On-Time,0,7572.44,12515.2,346,297
ORD-1017,2025-06-27,2025-06-28,2025-06-30,Jun,Q2,2025,North,Delhi-W1,BlueStar Supply Co,Automotive,Brake Pad,395,386,926,272,2,On-Time,0,30635.39,12420.54,62,60
ORD-1018,2025-03-05,2025-03-08,2025-03-19,Mar,Q1,2025,East,Bhubaneswar-W6,Delta Freight,Apparel,Jeans,185,168,1475,457,11,On-Time,0,46805.82,18843.22,43,44
ORD-1019,2025-07-30,2025-07-31,2025-08-03,Jul,Q3,2025,South,Bengaluru-W4,ClearPath Distributors,Apparel,T-Shirt,500,443,683,311,3,On-Time,0,29444.81,7445.31,480,453
ORD-1020,2024-01-09,2024-01-12,2024-01-27,Jan,Q1,2024,East,Kolkata-W5,ClearPath Distributors,Apparel,T-Shirt,104,99,418,428,15,Delayed,4,37292.55,5664.75,415,364
ORD-1021,2025-06-01,2025-06-03,2025-06-09,Jun,Q2,2025,North,Delhi-W1,GlobalLink Supply,Apparel,T-Shirt,51,45,367,418,6,Delayed,8,29825.62,9698.36,37,44
ORD-1022,2025-12-08,2025-12-09,2025-12-19,Dec,Q4,2025,North,Lucknow-W2,JetStream Logistics,Automotive,Engine Oil,270,234,731,523,10,On-Time,0,40825.5,17492.65,471,500
ORD-1023,2025-11-29,2025-11-30,2025-12-12,Nov,Q4,2025,North,Lucknow-W2,IndoTrans Pvt Ltd,Pharma,Vitamin C,171,167,1738,331,12,On-Time,0,6115.39,15258.16,233,210
ORD-1024,2025-02-25,2025-02-28,2025-03-15,Feb,Q1,2025,South,Bengaluru-W4,ClearPath Distributors,Electronics,Smart Watch,496,424,1063,377,15,Delayed,8,20734.63,16769.65,433,486
ORD-1025,2024-01-25,2024-01-28,2024-02-02,Jan,Q1,2024,West,Ahmedabad-W8,EcoShip India,Electronics,Tablet,229,216,918,699,5,On-Time,0,6242.02,17786.69,150,173
ORD-1026,2024-09-28,2024-09-29,2024-10-02,Sep,Q3,2024,West,Ahmedabad-W8,FastTrack Carriers,Pharma,Paracetamol,247,243,489,410,3,Delayed,7,5076.11,18660.35,338,315
ORD-1027,2025-11-17,2025-11-18,2025-11-25,Nov,Q4,2025,West,Mumbai-W7,FastTrack Carriers,Automotive,Tyre,389,380,1574,457,7,On-Time,0,35010.18,7871.29,363,396
ORD-1028,2024-05-10,2024-05-11,2024-05-19,May,Q2,2024,West,Mumbai-W7,JetStream Logistics,Automotive,Tyre,257,239,100,461,8,Delayed,7,40359.15,12919.91,201,204
ORD-1029,2025-03-28,2025-03-31,2025-04-05,Mar,Q1,2025,West,Mumbai-W7,BlueStar Supply Co,Apparel,Jacket,97,94,1638,390,5,On-Time,0,15108.83,5584.34,42,52
ORD-1030,2025-05-01,2025-05-04,2025-05-19,May,Q2,2025,North,Lucknow-W2,GlobalLink Supply,Automotive,Engine Oil,417,398,1112,559,15,Delayed,1,45169.69,17487.93,415,493
ORD-1031,2025-03-11,2025-03-12,2025-03-16,Mar,Q1,2025,West,Mumbai-W7,IndoTrans Pvt Ltd,FMCG,Detergent,283,246,1051,693,4,On-Time,0,31795.35,19100.71,484,496
ORD-1032,2025-05-31,2025-06-02,2025-06-17,May,Q2,2025,West,Mumbai-W7,HyperChain Corp,Pharma,Sanitizer,434,384,1405,433,15,On-Time,0,28458.49,13281.47,175,180
ORD-1033,2025-12-31,2026-01-02,2026-01-07,Dec,Q4,2025,East,Bhubaneswar-W6,FastTrack Carriers,Automotive,Brake Pad,120,104,884,306,5,On-Time,0,7890.3,9336.79,312,317
ORD-1034,2024-03-04,2024-03-05,2024-03-20,Mar,Q1,2024,West,Ahmedabad-W8,JetStream Logistics,Electronics,Smart Watch,294,250,820,455,15,On-Time,0,43405.16,19161.75,257,254
ORD-1035,2025-07-13,2025-07-16,2025-07-21,Jul,Q3,2025,West,Mumbai-W7,EcoShip India,Pharma,Face Mask,64,58,1469,564,5,On-Time,0,42822.75,18551.75,362,358
ORD-1036,2025-02-07,2025-02-10,2025-02-21,Feb,Q1,2025,North,Delhi-W1,GlobalLink Supply,FMCG,Cooking Oil,143,122,876,485,11,Delayed,6,20187.52,17833.52,200,182
ORD-1037,2025-03-07,2025-03-09,2025-03-24,Mar,Q1,2025,North,Lucknow-W2,Apex Logistics,Automotive,Brake Pad,229,202,240,191,15,On-Time,0,47732.53,5588.49,52,50
ORD-1038,2024-09-01,2024-09-02,2024-09-11,Sep,Q3,2024,North,Delhi-W1,HyperChain Corp,Apparel,Jacket,135,127,1631,267,9,On-Time,0,12369.46,7598.7,272,336
ORD-1039,2024-11-15,2024-11-18,2024-11-30,Nov,Q4,2024,West,Ahmedabad-W8,Delta Freight,Electronics,Smartphone,102,97,717,764,12,On-Time,0,40830.22,12186.79,57,61
ORD-1040,2025-03-14,2025-03-17,2025-03-24,Mar,Q1,2025,North,Lucknow-W2,Apex Logistics,Pharma,Face Mask,104,95,841,800,7,On-Time,0,25688.27,4753.84,142,130
ORD-1041,2025-10-28,2025-10-30,2025-11-10,Oct,Q4,2025,West,Ahmedabad-W8,GlobalLink Supply,Automotive,Tyre,215,210,1801,238,11,Delayed,8,15973.85,10364.75,375,352
ORD-1042,2024-12-10,2024-12-11,2024-12-20,Dec,Q4,2024,East,Kolkata-W5,HyperChain Corp,FMCG,Biscuits,458,407,672,760,9,On-Time,0,17432.09,2182.72,114,137
ORD-1043,2025-02-20,2025-02-22,2025-03-04,Feb,Q1,2025,South,Bengaluru-W4,HyperChain Corp,Pharma,Paracetamol,97,86,928,399,10,On-Time,0,31170.0,10518.69,291,311
ORD-1044,2025-07-17,2025-07-19,2025-07-26,Jul,Q3,2025,West,Ahmedabad-W8,EcoShip India,Apparel,Jeans,111,106,746,272,7,On-Time,0,47789.49,14422.94,122,138
ORD-1045,2025-05-10,2025-05-12,2025-05-25,May,Q2,2025,East,Kolkata-W5,Delta Freight,Apparel,Jeans,234,205,128,696,13,Delayed,1,48843.27,11960.46,467,397
ORD-1046,2025-10-15,2025-10-17,2025-10-20,Oct,Q4,2025,North,Lucknow-W2,HyperChain Corp,Pharma,Face Mask,224,196,205,408,3,On-Time,0,26497.81,16798.08,244,245
ORD-1047,2025-08-13,2025-08-16,2025-08-28,Aug,Q3,2025,North,Delhi-W1,ClearPath Distributors,Automotive,Tyre,93,92,342,721,12,On-Time,0,32284.29,16233.33,172,155
ORD-1048,2025-01-24,2025-01-26,2025-02-04,Jan,Q1,2025,East,Bhubaneswar-W6,EcoShip India,Automotive,Brake Pad,362,359,303,362,9,On-Time,0,16909.08,3461.37,140,162
ORD-1049,2024-03-17,2024-03-18,2024-03-20,Mar,Q1,2024,West,Ahmedabad-W8,JetStream Logistics,Pharma,Sanitizer,66,58,1547,439,2,On-Time,0,25431.41,14372.93,464,513
ORD-1050,2025-10-02,2025-10-05,2025-10-17,Oct,Q4,2025,South,Bengaluru-W4,BlueStar Supply Co,Automotive,Engine Oil,381,332,644,295,12,Delayed,3,40668.29,12710.79,474,462
ORD-1051,2024-10-22,2024-10-24,2024-10-27,Oct,Q4,2024,West,Ahmedabad-W8,GlobalLink Supply,Apparel,Sneakers,274,236,181,592,3,On-Time,0,32167.11,2465.57,186,157
ORD-1052,2025-08-12,2025-08-15,2025-08-17,Aug,Q3,2025,East,Kolkata-W5,ClearPath Distributors,Pharma,Face Mask,192,168,1298,596,2,On-Time,0,27127.66,3642.36,210,218
ORD-1053,2024-11-24,2024-11-27,2024-11-30,Nov,Q4,2024,South,Bengaluru-W4,GlobalLink Supply,Pharma,Sanitizer,389,385,1766,713,3,Delayed,2,19153.27,7818.93,418,435
ORD-1054,2025-06-10,2025-06-11,2025-06-23,Jun,Q2,2025,West,Ahmedabad-W8,Apex Logistics,FMCG,Biscuits,368,354,1380,602,12,On-Time,0,14160.12,11885.95,470,514
ORD-1055,2025-12-16,2025-12-18,2025-12-21,Dec,Q4,2025,North,Delhi-W1,ClearPath Distributors,Apparel,T-Shirt,332,302,560,266,3,On-Time,0,10285.98,16978.58,346,295
ORD-1056,2024-10-25,2024-10-28,2024-11-10,Oct,Q4,2024,East,Bhubaneswar-W6,HyperChain Corp,Pharma,Vitamin C,283,263,885,345,13,On-Time,0,27870.84,17827.87,399,482
ORD-1057,2025-02-28,2025-03-02,2025-03-16,Feb,Q1,2025,East,Kolkata-W5,EcoShip India,Apparel,Sneakers,493,430,1203,645,14,On-Time,0,29836.28,11781.74,320,273
ORD-1058,2024-07-12,2024-07-15,2024-07-20,Jul,Q3,2024,West,Mumbai-W7,GlobalLink Supply,Electronics,Tablet,431,396,1970,540,5,On-Time,0,34866.0,16773.46,116,117
ORD-1059,2024-02-07,2024-02-08,2024-02-18,Feb,Q1,2024,East,Kolkata-W5,HyperChain Corp,Electronics,Smart Watch,57,54,939,308,10,Delayed,5,20235.26,14468.68,309,372
ORD-1060,2024-12-02,2024-12-05,2024-12-20,Dec,Q4,2024,West,Ahmedabad-W8,HyperChain Corp,Automotive,Brake Pad,366,314,1392,444,15,On-Time,0,38604.49,9811.49,99,90
ORD-1061,2025-12-21,2025-12-22,2025-12-31,Dec,Q4,2025,South,Bengaluru-W4,Apex Logistics,Electronics,Tablet,457,392,834,533,9,On-Time,0,15988.88,9416.93,434,389
ORD-1062,2024-06-23,2024-06-24,2024-06-27,Jun,Q2,2024,West,Mumbai-W7,HyperChain Corp,Automotive,Engine Oil,168,154,620,620,3,Delayed,1,45450.88,10374.56,200,187
ORD-1063,2024-06-10,2024-06-11,2024-06-20,Jun,Q2,2024,East,Bhubaneswar-W6,GlobalLink Supply,Apparel,Sneakers,482,431,887,644,9,Delayed,7,30736.52,12346.61,365,398
ORD-1064,2025-11-05,2025-11-07,2025-11-13,Nov,Q4,2025,North,Delhi-W1,JetStream Logistics,Pharma,Sanitizer,447,433,1343,510,6,Delayed,4,32940.1,14199.76,452,409
ORD-1065,2025-11-28,2025-11-29,2025-12-11,Nov,Q4,2025,North,Delhi-W1,EcoShip India,Pharma,Paracetamol,346,313,369,242,12,On-Time,0,19702.36,9479.06,121,142
ORD-1066,2025-07-06,2025-07-08,2025-07-18,Jul,Q3,2025,East,Kolkata-W5,EcoShip India,Pharma,Sanitizer,432,423,1747,267,10,On-Time,0,8388.47,15574.73,177,155
ORD-1067,2025-11-21,2025-11-23,2025-12-08,Nov,Q4,2025,East,Kolkata-W5,GlobalLink Supply,Electronics,Tablet,324,281,854,418,15,On-Time,0,42008.78,18925.25,101,95
ORD-1068,2025-04-27,2025-04-28,2025-05-09,Apr,Q2,2025,East,Kolkata-W5,BlueStar Supply Co,Pharma,Sanitizer,382,348,386,196,11,On-Time,0,18696.41,10867.24,79,89
ORD-1069,2025-07-04,2025-07-05,2025-07-13,Jul,Q3,2025,West,Ahmedabad-W8,IndoTrans Pvt Ltd,Pharma,Vitamin C,262,248,1807,651,8,On-Time,0,47257.39,7035.32,372,393
ORD-1070,2025-03-30,2025-04-01,2025-04-06,Mar,Q1,2025,East,Kolkata-W5,FastTrack Carriers,Automotive,Tyre,81,73,488,275,5,On-Time,0,42088.6,3650.12,156,148
ORD-1071,2025-09-03,2025-09-04,2025-09-06,Sep,Q3,2025,East,Kolkata-W5,ClearPath Distributors,Automotive,Engine Oil,85,82,1235,362,2,On-Time,0,41587.38,6193.98,374,436
ORD-1072,2025-09-02,2025-09-03,2025-09-09,Sep,Q3,2025,South,Chennai-W3,IndoTrans Pvt Ltd,Apparel,Jeans,106,100,152,284,6,Delayed,4,31498.38,2284.06,143,175
ORD-1073,2025-03-07,2025-03-10,2025-03-13,Mar,Q1,2025,North,Lucknow-W2,HyperChain Corp,Apparel,T-Shirt,281,260,1359,194,3,On-Time,0,45893.83,13860.26,190,194
ORD-1074,2024-02-01,2024-02-02,2024-02-11,Feb,Q1,2024,West,Ahmedabad-W8,BlueStar Supply Co,Pharma,Face Mask,87,85,759,772,9,Delayed,3,17375.72,13395.38,347,320
ORD-1075,2025-01-25,2025-01-28,2025-02-07,Jan,Q1,2025,East,Bhubaneswar-W6,IndoTrans Pvt Ltd,Automotive,Battery,100,96,334,714,10,On-Time,0,14676.04,10127.99,150,156
ORD-1076,2025-04-09,2025-04-11,2025-04-19,Apr,Q2,2025,North,Lucknow-W2,GlobalLink Supply,Apparel,Jacket,241,239,1506,635,8,Delayed,2,9195.35,3738.16,396,418
ORD-1077,2024-05-13,2024-05-16,2024-05-18,May,Q2,2024,East,Kolkata-W5,GlobalLink Supply,Apparel,Sneakers,494,487,205,444,2,On-Time,0,20824.08,12402.53,127,148
ORD-1078,2025-05-08,2025-05-09,2025-05-24,May,Q2,2025,North,Lucknow-W2,IndoTrans Pvt Ltd,Apparel,T-Shirt,440,392,563,589,15,On-Time,0,48854.6,16731.68,378,354
ORD-1079,2025-07-24,2025-07-25,2025-08-05,Jul,Q3,2025,East,Kolkata-W5,ClearPath Distributors,Apparel,Jacket,223,201,471,296,11,On-Time,0,23035.3,4553.74,432,364
ORD-1080,2024-04-03,2024-04-06,2024-04-16,Apr,Q2,2024,South,Bengaluru-W4,GlobalLink Supply,Pharma,Sanitizer,130,117,1577,482,10,On-Time,0,30541.71,3529.23,56,66
ORD-1081,2025-09-24,2025-09-25,2025-10-07,Sep,Q3,2025,North,Lucknow-W2,HyperChain Corp,Pharma,Face Mask,360,329,659,370,12,On-Time,0,10121.79,9738.45,198,185
ORD-1082,2025-08-30,2025-09-01,2025-09-11,Aug,Q3,2025,East,Kolkata-W5,Delta Freight,Pharma,Paracetamol,53,46,532,290,10,On-Time,0,18025.12,4159.72,323,294
ORD-1083,2024-06-28,2024-06-29,2024-07-07,Jun,Q2,2024,South,Bengaluru-W4,BlueStar Supply Co,Pharma,Paracetamol,273,232,1986,229,8,On-Time,0,30909.16,12321.19,425,403
ORD-1084,2024-10-23,2024-10-24,2024-11-01,Oct,Q4,2024,North,Lucknow-W2,ClearPath Distributors,Automotive,Battery,475,452,841,240,8,On-Time,0,9763.84,9842.18,247,245
ORD-1085,2025-02-09,2025-02-11,2025-02-24,Feb,Q1,2025,East,Kolkata-W5,FastTrack Carriers,FMCG,Detergent,311,293,1186,672,13,Delayed,6,20799.49,19248.02,416,370
ORD-1086,2024-08-29,2024-08-30,2024-09-03,Aug,Q3,2024,East,Kolkata-W5,ClearPath Distributors,Automotive,Engine Oil,439,423,254,331,4,On-Time,0,33257.69,10351.16,362,328
ORD-1087,2025-04-04,2025-04-07,2025-04-18,Apr,Q2,2025,East,Bhubaneswar-W6,ClearPath Distributors,Pharma,Paracetamol,290,265,720,431,11,On-Time,0,20837.4,3335.43,270,276
ORD-1088,2024-02-28,2024-03-01,2024-03-16,Feb,Q1,2024,East,Kolkata-W5,BlueStar Supply Co,Automotive,Battery,286,267,1721,192,15,On-Time,0,41441.72,13733.07,212,204
ORD-1089,2025-05-28,2025-05-29,2025-05-31,May,Q2,2025,West,Mumbai-W7,FastTrack Carriers,Electronics,Smartphone,70,62,996,599,2,On-Time,0,32441.24,8550.16,464,509
ORD-1090,2025-02-22,2025-02-24,2025-03-08,Feb,Q1,2025,North,Lucknow-W2,BlueStar Supply Co,Apparel,T-Shirt,335,318,681,408,12,On-Time,0,34545.38,18314.17,418,487
ORD-1091,2024-03-24,2024-03-27,2024-04-08,Mar,Q1,2024,South,Bengaluru-W4,EcoShip India,Pharma,Vitamin C,354,338,273,467,12,On-Time,0,33957.2,7912.58,112,105
ORD-1092,2025-12-02,2025-12-05,2025-12-08,Dec,Q4,2025,West,Ahmedabad-W8,Apex Logistics,Apparel,Jacket,142,140,799,647,3,Delayed,3,11972.53,7324.26,372,443
ORD-1093,2025-07-06,2025-07-09,2025-07-19,Jul,Q3,2025,North,Lucknow-W2,JetStream Logistics,FMCG,Cooking Oil,128,111,1802,789,10,On-Time,0,12449.26,9878.12,236,250
ORD-1094,2024-08-31,2024-09-02,2024-09-13,Aug,Q3,2024,East,Bhubaneswar-W6,Delta Freight,Automotive,Engine Oil,208,206,1706,630,11,On-Time,0,13730.73,14209.52,396,332
ORD-1095,2025-04-17,2025-04-19,2025-05-03,Apr,Q2,2025,West,Ahmedabad-W8,ClearPath Distributors,FMCG,Shampoo,496,440,1413,642,14,On-Time,0,29954.33,3846.62,476,473
ORD-1096,2024-05-07,2024-05-09,2024-05-12,May,Q2,2024,South,Bengaluru-W4,HyperChain Corp,Automotive,Engine Oil,475,434,1964,377,3,On-Time,0,44808.34,18748.49,206,252
ORD-1097,2025-05-29,2025-05-31,2025-06-05,May,Q2,2025,West,Mumbai-W7,FastTrack Carriers,FMCG,Detergent,213,210,1818,493,5,On-Time,0,11191.98,7163.83,458,464
ORD-1098,2024-05-22,2024-05-25,2024-06-03,May,Q2,2024,West,Mumbai-W7,BlueStar Supply Co,Electronics,Tablet,160,156,1223,773,9,On-Time,0,10003.41,7185.83,164,194
ORD-1099,2024-09-01,2024-09-03,2024-09-15,Sep,Q3,2024,West,Mumbai-W7,BlueStar Supply Co,Pharma,Paracetamol,373,345,595,297,12,Delayed,1,32666.43,6330.16,221,253
ORD-1100,2025-11-15,2025-11-16,2025-11-26,Nov,Q4,2025,East,Kolkata-W5,IndoTrans Pvt Ltd,Automotive,Brake Pad,249,244,189,800,10,On-Time,0,21798.61,15451.7,247,222
ORD-1101,2024-12-19,2024-12-20,2025-01-02,Dec,Q4,2024,North,Lucknow-W2,ClearPath Distributors,Electronics,Tablet,329,296,1416,329,13,On-Time,0,35810.72,19654.75,300,285
ORD-1102,2024-05-18,2024-05-19,2024-06-01,May,Q2,2024,West,Mumbai-W7,EcoShip India,FMCG,Detergent,455,400,185,473,13,On-Time,0,28192.26,19804.21,314,318
ORD-1103,2024-02-07,2024-02-10,2024-02-15,Feb,Q1,2024,East,Bhubaneswar-W6,Apex Logistics,Apparel,Jacket,113,109,994,559,5,On-Time,0,45258.69,8959.61,134,135
ORD-1104,2025-05-24,2025-05-26,2025-06-09,May,Q2,2025,East,Kolkata-W5,GlobalLink Supply,Electronics,Smart Watch,358,357,469,708,14,Delayed,2,8603.1,13896.55,191,196
ORD-1105,2025-03-12,2025-03-13,2025-03-26,Mar,Q1,2025,West,Ahmedabad-W8,HyperChain Corp,Electronics,Tablet,364,363,662,208,13,Delayed,7,21349.0,16419.73,334,387
ORD-1106,2024-02-01,2024-02-02,2024-02-17,Feb,Q1,2024,West,Mumbai-W7,ClearPath Distributors,Electronics,Smartphone,448,424,841,542,15,On-Time,0,6457.34,4761.89,318,270
ORD-1107,2025-01-15,2025-01-17,2025-01-31,Jan,Q1,2025,North,Delhi-W1,IndoTrans Pvt Ltd,Apparel,Sneakers,210,198,611,266,14,Delayed,3,27456.98,8965.77,277,327
ORD-1108,2024-09-23,2024-09-26,2024-10-05,Sep,Q3,2024,South,Bengaluru-W4,HyperChain Corp,FMCG,Detergent,119,116,1025,326,9,On-Time,0,25030.0,3580.23,461,389
ORD-1109,2024-11-23,2024-11-26,2024-12-03,Nov,Q4,2024,North,Lucknow-W2,EcoShip India,FMCG,Shampoo,456,412,559,274,7,On-Time,0,40642.96,6261.25,236,292
ORD-1110,2025-07-21,2025-07-24,2025-07-31,Jul,Q3,2025,West,Mumbai-W7,JetStream Logistics,Electronics,Laptop,208,189,1568,640,7,On-Time,0,39612.4,16820.11,65,77
ORD-1111,2024-11-20,2024-11-23,2024-11-26,Nov,Q4,2024,West,Ahmedabad-W8,IndoTrans Pvt Ltd,Apparel,Jeans,499,486,1229,751,3,Delayed,3,24467.82,18392.82,77,68
ORD-1112,2025-06-14,2025-06-15,2025-06-21,Jun,Q2,2025,South,Chennai-W3,FastTrack Carriers,FMCG,Biscuits,315,310,1832,230,6,Delayed,9,17350.3,13250.4,358,354
ORD-1113,2025-05-29,2025-06-01,2025-06-05,May,Q2,2025,South,Chennai-W3,JetStream Logistics,Automotive,Tyre,481,475,184,179,4,Delayed,10,16909.52,5794.55,320,332
ORD-1114,2025-10-16,2025-10-17,2025-10-26,Oct,Q4,2025,East,Bhubaneswar-W6,HyperChain Corp,FMCG,Cooking Oil,202,185,1510,211,9,Delayed,7,26791.3,5672.41,300,350
ORD-1115,2024-11-22,2024-11-25,2024-12-10,Nov,Q4,2024,East,Bhubaneswar-W6,ClearPath Distributors,Apparel,T-Shirt,213,188,350,423,15,On-Time,0,11339.49,2910.9,270,236
ORD-1116,2025-03-04,2025-03-05,2025-03-20,Mar,Q1,2025,South,Bengaluru-W4,JetStream Logistics,Apparel,Jeans,440,384,1154,628,15,On-Time,0,18884.32,2417.17,241,241
ORD-1117,2024-09-03,2024-09-04,2024-09-15,Sep,Q3,2024,East,Kolkata-W5,Apex Logistics,Apparel,Sneakers,355,348,1439,631,11,Delayed,1,43122.76,9756.7,444,491
ORD-1118,2025-01-09,2025-01-11,2025-01-18,Jan,Q1,2025,North,Lucknow-W2,Apex Logistics,Automotive,Engine Oil,235,219,250,545,7,On-Time,0,39398.19,7034.97,384,359
ORD-1119,2024-05-01,2024-05-02,2024-05-05,May,Q2,2024,West,Ahmedabad-W8,FastTrack Carriers,Automotive,Tyre,436,380,1333,671,3,On-Time,0,6811.47,2700.45,377,405
ORD-1120,2025-04-30,2025-05-03,2025-05-12,Apr,Q2,2025,South,Chennai-W3,FastTrack Carriers,Automotive,Tyre,133,120,1362,456,9,On-Time,0,27829.17,11174.85,314,290
ORD-1121,2024-11-02,2024-11-04,2024-11-19,Nov,Q4,2024,North,Lucknow-W2,FastTrack Carriers,Electronics,Smart Watch,348,311,1940,794,15,Delayed,8,16948.87,13800.64,450,437
ORD-1122,2024-08-21,2024-08-24,2024-08-26,Aug,Q3,2024,West,Mumbai-W7,IndoTrans Pvt Ltd,Automotive,Battery,125,121,596,182,2,On-Time,0,36523.44,5434.12,245,265
ORD-1123,2024-06-04,2024-06-06,2024-06-19,Jun,Q2,2024,South,Bengaluru-W4,IndoTrans Pvt Ltd,Automotive,Battery,496,484,1589,213,13,On-Time,0,28340.74,12095.96,375,379
ORD-1124,2025-01-20,2025-01-22,2025-01-26,Jan,Q1,2025,West,Ahmedabad-W8,IndoTrans Pvt Ltd,Apparel,Jacket,362,333,604,435,4,On-Time,0,15119.02,19512.39,212,192
ORD-1125,2025-12-22,2025-12-23,2026-01-05,Dec,Q4,2025,West,Ahmedabad-W8,HyperChain Corp,Apparel,Jacket,197,171,1485,706,13,On-Time,0,49107.22,16730.79,488,435
ORD-1126,2024-10-24,2024-10-25,2024-10-31,Oct,Q4,2024,North,Lucknow-W2,HyperChain Corp,Apparel,Sneakers,159,139,1203,427,6,On-Time,0,36327.71,4470.91,389,355
ORD-1127,2024-09-02,2024-09-03,2024-09-05,Sep,Q3,2024,South,Chennai-W3,Apex Logistics,Electronics,Smart Watch,219,209,305,290,2,Delayed,9,49005.98,4842.94,439,374
ORD-1128,2025-05-02,2025-05-04,2025-05-16,May,Q2,2025,South,Bengaluru-W4,FastTrack Carriers,Apparel,T-Shirt,443,382,1275,387,12,On-Time,0,37540.3,18860.05,592,507
ORD-1129,2025-03-03,2025-03-04,2025-03-06,Mar,Q1,2025,West,Ahmedabad-W8,ClearPath Distributors,Apparel,T-Shirt,54,48,1334,259,2,On-Time,0,20076.9,10178.28,374,368
ORD-1130,2025-05-20,2025-05-21,2025-06-05,May,Q2,2025,West,Ahmedabad-W8,Delta Freight,Electronics,Tablet,133,127,1427,413,15,On-Time,0,5633.79,8068.02,196,191
ORD-1131,2024-07-16,2024-07-17,2024-07-28,Jul,Q3,2024,West,Ahmedabad-W8,IndoTrans Pvt Ltd,Apparel,T-Shirt,255,242,478,293,11,On-Time,0,47112.14,2122.94,211,236
ORD-1132,2024-09-30,2024-10-02,2024-10-08,Sep,Q3,2024,North,Lucknow-W2,FastTrack Carriers,FMCG,Detergent,391,339,728,313,6,On-Time,0,27613.42,18112.13,443,400
ORD-1133,2025-12-07,2025-12-08,2025-12-20,Dec,Q4,2025,East,Bhubaneswar-W6,JetStream Logistics,FMCG,Shampoo,118,108,1031,770,12,On-Time,0,36587.33,18430.34,433,427
ORD-1134,2025-11-11,2025-11-12,2025-11-26,Nov,Q4,2025,South,Chennai-W3,IndoTrans Pvt Ltd,Pharma,Sanitizer,89,87,329,213,14,On-Time,0,45629.97,5638.82,270,314
ORD-1135,2024-12-01,2024-12-04,2024-12-13,Dec,Q4,2024,North,Delhi-W1,JetStream Logistics,Pharma,Paracetamol,311,285,213,614,9,Delayed,7,25555.93,3039.26,295,276
ORD-1136,2024-11-11,2024-11-14,2024-11-16,Nov,Q4,2024,West,Ahmedabad-W8,Apex Logistics,FMCG,Detergent,73,66,1534,215,2,On-Time,0,7711.5,18095.93,512,518
ORD-1137,2024-10-20,2024-10-22,2024-10-26,Oct,Q4,2024,South,Bengaluru-W4,FastTrack Carriers,Pharma,Face Mask,495,488,873,534,4,Delayed,9,10984.54,17485.16,87,100
ORD-1138,2025-07-04,2025-07-06,2025-07-16,Jul,Q3,2025,South,Chennai-W3,Apex Logistics,Electronics,Tablet,287,272,1215,584,10,On-Time,0,42051.22,6455.22,187,217
ORD-1139,2024-07-12,2024-07-15,2024-07-29,Jul,Q3,2024,North,Delhi-W1,GlobalLink Supply,Automotive,Brake Pad,173,152,306,758,14,Delayed,10,35241.06,17699.82,180,165
ORD-1140,2025-02-15,2025-02-17,2025-02-22,Feb,Q1,2025,South,Chennai-W3,ClearPath Distributors,Automotive,Tyre,169,164,1598,739,5,On-Time,0,31906.3,14105.57,182,204
ORD-1141,2024-05-26,2024-05-29,2024-06-08,May,Q2,2024,South,Bengaluru-W4,EcoShip India,Apparel,T-Shirt,335,332,1901,329,10,On-Time,0,24224.03,10921.17,254,216
ORD-1142,2025-11-18,2025-11-20,2025-12-04,Nov,Q4,2025,East,Bhubaneswar-W6,GlobalLink Supply,FMCG,Biscuits,242,212,1201,634,14,Delayed,4,18533.14,14736.38,445,452
ORD-1143,2024-02-29,2024-03-03,2024-03-11,Feb,Q1,2024,West,Mumbai-W7,GlobalLink Supply,FMCG,Biscuits,154,138,261,610,8,On-Time,0,9160.88,15042.52,112,137
ORD-1144,2025-01-21,2025-01-24,2025-02-04,Jan,Q1,2025,North,Delhi-W1,Delta Freight,Automotive,Engine Oil,295,259,1957,490,11,On-Time,0,45904.74,5812.54,162,137
ORD-1145,2024-04-30,2024-05-03,2024-05-17,Apr,Q2,2024,West,Mumbai-W7,JetStream Logistics,FMCG,Cooking Oil,172,160,1688,439,14,On-Time,0,29014.26,8466.67,163,173
ORD-1146,2025-05-24,2025-05-26,2025-05-29,May,Q2,2025,West,Ahmedabad-W8,Delta Freight,Apparel,Jacket,261,223,1869,376,3,On-Time,0,5729.9,11959.61,349,339
ORD-1147,2025-03-03,2025-03-05,2025-03-09,Mar,Q1,2025,South,Bengaluru-W4,Delta Freight,Pharma,Vitamin C,305,284,1502,495,4,Delayed,8,48492.87,13550.5,286,291
ORD-1148,2024-12-26,2024-12-27,2024-12-31,Dec,Q4,2024,West,Mumbai-W7,IndoTrans Pvt Ltd,Electronics,Laptop,479,467,1775,199,4,On-Time,0,23557.65,17165.8,130,158
ORD-1149,2024-06-03,2024-06-04,2024-06-09,Jun,Q2,2024,West,Ahmedabad-W8,Apex Logistics,Automotive,Battery,387,357,113,694,5,On-Time,0,5533.29,11529.52,182,180
ORD-1150,2024-10-20,2024-10-21,2024-10-31,Oct,Q4,2024,West,Mumbai-W7,BlueStar Supply Co,Electronics,Smartphone,173,152,1178,408,10,On-Time,0,17029.61,9144.14,273,231
ORD-1151,2025-04-15,2025-04-18,2025-04-23,Apr,Q2,2025,South,Bengaluru-W4,BlueStar Supply Co,Electronics,Laptop,257,233,1231,637,5,Delayed,1,36628.03,3488.35,459,472
ORD-1152,2024-12-05,2024-12-08,2024-12-23,Dec,Q4,2024,North,Delhi-W1,Delta Freight,FMCG,Cooking Oil,188,161,252,437,15,On-Time,0,30357.94,2592.23,587,515
ORD-1153,2024-01-17,2024-01-18,2024-01-29,Jan,Q1,2024,South,Bengaluru-W4,BlueStar Supply Co,Apparel,Jeans,338,299,1809,548,11,On-Time,0,29325.31,8909.23,357,418
ORD-1154,2025-12-06,2025-12-09,2025-12-12,Dec,Q4,2025,East,Kolkata-W5,BlueStar Supply Co,Pharma,Vitamin C,479,412,1339,778,3,On-Time,0,22851.64,15923.99,57,55
ORD-1155,2025-04-06,2025-04-08,2025-04-13,Apr,Q2,2025,East,Bhubaneswar-W6,GlobalLink Supply,FMCG,Cooking Oil,93,89,704,402,5,On-Time,0,8691.71,4775.98,449,404
ORD-1156,2024-06-06,2024-06-09,2024-06-17,Jun,Q2,2024,East,Bhubaneswar-W6,BlueStar Supply Co,Electronics,Laptop,207,189,1659,426,8,Delayed,2,13432.63,10079.19,325,324
ORD-1157,2024-04-15,2024-04-16,2024-04-19,Apr,Q2,2024,East,Kolkata-W5,JetStream Logistics,Automotive,Tyre,492,446,697,573,3,On-Time,0,8811.48,18220.45,602,503
ORD-1158,2024-09-05,2024-09-08,2024-09-18,Sep,Q3,2024,South,Bengaluru-W4,ClearPath Distributors,FMCG,Biscuits,204,181,398,214,10,Delayed,5,23949.61,10716.16,74,79
ORD-1159,2024-09-09,2024-09-12,2024-09-24,Sep,Q3,2024,West,Mumbai-W7,HyperChain Corp,Electronics,Smartphone,205,174,910,490,12,On-Time,0,22095.05,17519.57,247,265
ORD-1160,2025-10-28,2025-10-31,2025-11-04,Oct,Q4,2025,East,Bhubaneswar-W6,JetStream Logistics,FMCG,Cooking Oil,210,184,915,476,4,Delayed,8,48549.34,16075.54,195,206
ORD-1161,2025-02-06,2025-02-08,2025-02-11,Feb,Q1,2025,South,Chennai-W3,IndoTrans Pvt Ltd,Electronics,Smart Watch,412,363,1733,448,3,On-Time,0,8112.14,17260.18,430,447
ORD-1162,2025-05-26,2025-05-27,2025-06-08,May,Q2,2025,East,Kolkata-W5,EcoShip India,FMCG,Cooking Oil,454,411,1019,762,12,On-Time,0,23036.23,11119.03,586,511
ORD-1163,2025-03-04,2025-03-07,2025-03-09,Mar,Q1,2025,East,Kolkata-W5,BlueStar Supply Co,FMCG,Biscuits,135,127,190,726,2,On-Time,0,35486.24,9193.12,396,425
ORD-1164,2025-03-16,2025-03-17,2025-03-19,Mar,Q1,2025,North,Lucknow-W2,Delta Freight,Automotive,Engine Oil,278,251,1048,752,2,On-Time,0,11783.52,19958.65,241,287
ORD-1165,2025-03-01,2025-03-02,2025-03-05,Mar,Q1,2025,South,Bengaluru-W4,EcoShip India,Apparel,Sneakers,451,397,1089,506,3,On-Time,0,24717.47,14541.74,167,203
ORD-1166,2024-02-15,2024-02-18,2024-02-21,Feb,Q1,2024,North,Lucknow-W2,BlueStar Supply Co,FMCG,Shampoo,314,275,427,488,3,On-Time,0,48130.82,6173.4,259,247
ORD-1167,2024-07-09,2024-07-12,2024-07-24,Jul,Q3,2024,West,Ahmedabad-W8,Apex Logistics,Automotive,Engine Oil,280,262,896,154,12,On-Time,0,14260.3,15541.86,507,454
ORD-1168,2025-08-14,2025-08-15,2025-08-29,Aug,Q3,2025,South,Bengaluru-W4,FastTrack Carriers,FMCG,Cooking Oil,108,96,1866,651,14,On-Time,0,33759.89,12745.47,336,352
ORD-1169,2024-04-26,2024-04-28,2024-05-05,Apr,Q2,2024,West,Mumbai-W7,EcoShip India,Automotive,Brake Pad,394,342,341,394,7,On-Time,0,13237.0,14481.86,287,301
ORD-1170,2025-09-02,2025-09-03,2025-09-14,Sep,Q3,2025,West,Ahmedabad-W8,ClearPath Distributors,Pharma,Vitamin C,334,292,691,293,11,Delayed,8,32873.45,17579.4,43,44
ORD-1171,2024-07-18,2024-07-20,2024-07-30,Jul,Q3,2024,West,Ahmedabad-W8,HyperChain Corp,Pharma,Face Mask,300,262,1257,181,10,On-Time,0,14923.83,2588.51,157,155
ORD-1172,2024-06-21,2024-06-23,2024-07-04,Jun,Q2,2024,West,Mumbai-W7,JetStream Logistics,Electronics,Tablet,446,415,851,705,11,On-Time,0,6872.47,14941.64,283,319
ORD-1173,2025-03-11,2025-03-12,2025-03-25,Mar,Q1,2025,South,Bengaluru-W4,Apex Logistics,Pharma,Sanitizer,228,223,278,599,13,On-Time,0,10282.37,16614.0,165,147
ORD-1174,2025-08-25,2025-08-28,2025-09-04,Aug,Q3,2025,West,Mumbai-W7,JetStream Logistics,FMCG,Shampoo,466,410,221,733,7,On-Time,0,17648.83,11697.83,244,205
ORD-1175,2024-10-26,2024-10-28,2024-11-08,Oct,Q4,2024,East,Kolkata-W5,ClearPath Distributors,Pharma,Paracetamol,191,187,359,285,11,Delayed,6,42281.68,15706.52,369,386
ORD-1176,2024-05-25,2024-05-28,2024-06-09,May,Q2,2024,East,Bhubaneswar-W6,GlobalLink Supply,Pharma,Paracetamol,374,362,1674,245,12,On-Time,0,38741.11,14504.67,463,489
ORD-1177,2025-05-14,2025-05-16,2025-05-27,May,Q2,2025,North,Delhi-W1,HyperChain Corp,Apparel,T-Shirt,457,425,546,589,11,On-Time,0,27262.17,7811.57,172,185
ORD-1178,2025-08-14,2025-08-15,2025-08-26,Aug,Q3,2025,West,Ahmedabad-W8,Apex Logistics,Electronics,Laptop,370,358,1041,166,11,Delayed,3,24857.87,2012.17,228,259
ORD-1179,2025-12-06,2025-12-07,2025-12-19,Dec,Q4,2025,East,Kolkata-W5,EcoShip India,Electronics,Tablet,178,153,1460,319,12,Delayed,5,37669.48,15594.18,275,259
ORD-1180,2025-12-21,2025-12-22,2025-12-24,Dec,Q4,2025,South,Bengaluru-W4,BlueStar Supply Co,FMCG,Shampoo,315,299,119,158,2,On-Time,0,41769.91,19786.79,275,256
ORD-1181,2025-05-04,2025-05-05,2025-05-10,May,Q2,2025,West,Mumbai-W7,BlueStar Supply Co,Electronics,Tablet,238,233,380,541,5,On-Time,0,38892.1,4396.63,330,386
ORD-1182,2025-06-27,2025-06-30,2025-07-02,Jun,Q2,2025,South,Bengaluru-W4,FastTrack Carriers,FMCG,Shampoo,260,245,1006,372,2,Delayed,2,11300.59,4216.83,393,413
ORD-1183,2025-03-15,2025-03-17,2025-03-31,Mar,Q1,2025,South,Chennai-W3,EcoShip India,Electronics,Smartphone,333,313,1576,772,14,Delayed,1,43155.14,13851.3,171,194
ORD-1184,2025-09-13,2025-09-16,2025-09-21,Sep,Q3,2025,West,Ahmedabad-W8,Apex Logistics,FMCG,Cooking Oil,247,214,1123,758,5,Delayed,1,49409.71,18810.64,102,107
ORD-1185,2025-08-05,2025-08-07,2025-08-14,Aug,Q3,2025,South,Bengaluru-W4,BlueStar Supply Co,Electronics,Laptop,57,50,181,211,7,On-Time,0,22908.88,7156.78,404,404
ORD-1186,2025-03-01,2025-03-03,2025-03-16,Mar,Q1,2025,West,Mumbai-W7,IndoTrans Pvt Ltd,Automotive,Engine Oil,192,165,261,673,13,On-Time,0,48844.1,4796.79,197,207
ORD-1187,2025-10-11,2025-10-14,2025-10-26,Oct,Q4,2025,North,Lucknow-W2,GlobalLink Supply,FMCG,Detergent,175,151,989,268,12,On-Time,0,32397.46,7567.22,445,419
ORD-1188,2024-06-28,2024-06-29,2024-07-01,Jun,Q2,2024,South,Chennai-W3,ClearPath Distributors,Pharma,Sanitizer,317,294,1784,415,2,Delayed,3,38739.94,17722.28,479,415
ORD-1189,2024-01-31,2024-02-02,2024-02-16,Jan,Q1,2024,West,Ahmedabad-W8,IndoTrans Pvt Ltd,Electronics,Tablet,414,412,1385,228,14,On-Time,0,27985.18,2997.9,491,479
ORD-1190,2025-01-11,2025-01-12,2025-01-18,Jan,Q1,2025,North,Delhi-W1,Delta Freight,Automotive,Brake Pad,72,70,125,400,6,Delayed,6,22234.08,4701.52,611,516
ORD-1191,2024-02-06,2024-02-09,2024-02-23,Feb,Q1,2024,West,Mumbai-W7,FastTrack Carriers,FMCG,Cooking Oil,418,375,1791,229,14,On-Time,0,10373.04,14119.86,57,66
ORD-1192,2025-06-12,2025-06-13,2025-06-21,Jun,Q2,2025,North,Lucknow-W2,EcoShip India,Apparel,Jacket,94,87,116,527,8,Delayed,10,40302.82,15312.37,161,164
ORD-1193,2025-08-28,2025-08-30,2025-09-13,Aug,Q3,2025,South,Chennai-W3,ClearPath Distributors,Electronics,Smart Watch,62,54,809,159,14,On-Time,0,5065.79,13831.47,519,474
ORD-1194,2024-11-10,2024-11-11,2024-11-16,Nov,Q4,2024,South,Bengaluru-W4,HyperChain Corp,Electronics,Smartphone,414,369,189,387,5,On-Time,0,28389.16,14615.24,226,230
ORD-1195,2024-03-27,2024-03-30,2024-04-02,Mar,Q1,2024,South,Bengaluru-W4,BlueStar Supply Co,Automotive,Brake Pad,272,258,367,392,3,Delayed,6,46671.89,9073.15,508,465
ORD-1196,2024-11-21,2024-11-23,2024-11-29,Nov,Q4,2024,South,Chennai-W3,Delta Freight,FMCG,Detergent,129,111,1020,627,6,On-Time,0,10433.15,8449.17,383,434
ORD-1197,2024-11-11,2024-11-13,2024-11-19,Nov,Q4,2024,North,Delhi-W1,ClearPath Distributors,Apparel,T-Shirt,160,156,771,301,6,Delayed,4,48578.0,9132.4,69,65
ORD-1198,2024-09-23,2024-09-24,2024-09-26,Sep,Q3,2024,West,Ahmedabad-W8,IndoTrans Pvt Ltd,Automotive,Engine Oil,98,90,1746,293,2,Delayed,1,42366.75,19686.21,93,106
ORD-1199,2025-02-14,2025-02-16,2025-02-28,Feb,Q1,2025,North,Lucknow-W2,BlueStar Supply Co,Electronics,Laptop,151,148,1008,281,12,Delayed,6,10513.74,18961.05,56,65
ORD-1200,2025-08-10,2025-08-12,2025-08-27,Aug,Q3,2025,West,Ahmedabad-W8,Apex Logistics,Pharma,Face Mask,138,124,1960,341,15,Delayed,8,44754.07,2623.69,373,357
ORD-1201,2025-10-24,2025-10-26,2025-11-04,Oct,Q4,2025,West,Ahmedabad-W8,Apex Logistics,Electronics,Tablet,246,214,508,688,9,Delayed,9,40768.08,19809.27,477,440
ORD-1202,2025-05-06,2025-05-09,2025-05-23,May,Q2,2025,West,Ahmedabad-W8,JetStream Logistics,Automotive,Tyre,248,220,153,476,14,On-Time,0,6318.66,16592.41,150,183
ORD-1203,2025-04-28,2025-05-01,2025-05-08,Apr,Q2,2025,South,Chennai-W3,BlueStar Supply Co,FMCG,Shampoo,186,172,1720,207,7,On-Time,0,47651.11,12362.46,428,448
ORD-1204,2024-06-26,2024-06-27,2024-07-02,Jun,Q2,2024,East,Bhubaneswar-W6,JetStream Logistics,Electronics,Tablet,340,317,1253,342,5,On-Time,0,41468.05,19466.98,292,317
ORD-1205,2025-05-17,2025-05-18,2025-05-21,May,Q2,2025,North,Delhi-W1,JetStream Logistics,FMCG,Detergent,319,294,779,778,3,Delayed,3,20334.16,5194.28,511,450
ORD-1206,2024-11-27,2024-11-28,2024-11-30,Nov,Q4,2024,South,Chennai-W3,BlueStar Supply Co,Automotive,Tyre,87,78,1456,555,2,On-Time,0,20145.25,7806.86,131,120
ORD-1207,2025-03-23,2025-03-26,2025-04-04,Mar,Q1,2025,East,Kolkata-W5,IndoTrans Pvt Ltd,Automotive,Tyre,164,155,1768,329,9,On-Time,0,38029.77,7301.31,141,130
ORD-1208,2025-12-19,2025-12-22,2025-12-30,Dec,Q4,2025,North,Delhi-W1,JetStream Logistics,Apparel,Jeans,377,352,1116,294,8,On-Time,0,8501.3,8242.58,176,203
ORD-1209,2024-03-31,2024-04-03,2024-04-15,Mar,Q1,2024,East,Bhubaneswar-W6,Apex Logistics,Apparel,Jeans,177,168,817,412,12,On-Time,0,37418.61,2866.65,288,264
ORD-1210,2024-06-19,2024-06-21,2024-06-30,Jun,Q2,2024,West,Ahmedabad-W8,IndoTrans Pvt Ltd,Pharma,Paracetamol,474,436,1869,741,9,On-Time,0,35922.22,4927.82,86,77
ORD-1211,2024-02-04,2024-02-06,2024-02-08,Feb,Q1,2024,East,Bhubaneswar-W6,BlueStar Supply Co,Electronics,Tablet,137,134,429,226,2,On-Time,0,45415.59,3675.88,410,344
ORD-1212,2025-05-09,2025-05-12,2025-05-14,May,Q2,2025,West,Mumbai-W7,JetStream Logistics,Pharma,Vitamin C,77,66,520,344,2,On-Time,0,29935.06,18660.32,286,316
ORD-1213,2024-10-15,2024-10-17,2024-10-22,Oct,Q4,2024,North,Delhi-W1,GlobalLink Supply,Automotive,Battery,128,109,107,587,5,Delayed,10,26614.78,3745.76,125,145
ORD-1214,2024-10-25,2024-10-26,2024-11-04,Oct,Q4,2024,North,Lucknow-W2,GlobalLink Supply,Pharma,Face Mask,388,345,1414,707,9,On-Time,0,21695.92,8866.01,132,135
ORD-1215,2024-09-26,2024-09-28,2024-10-07,Sep,Q3,2024,East,Kolkata-W5,EcoShip India,Automotive,Brake Pad,127,122,1466,249,9,Delayed,6,41368.11,9451.76,442,427
ORD-1216,2025-07-20,2025-07-21,2025-08-05,Jul,Q3,2025,West,Ahmedabad-W8,IndoTrans Pvt Ltd,Pharma,Vitamin C,293,262,908,185,15,On-Time,0,45520.48,16408.11,460,386
ORD-1217,2024-05-30,2024-05-31,2024-06-14,May,Q2,2024,West,Mumbai-W7,ClearPath Distributors,FMCG,Shampoo,114,97,260,595,14,Delayed,3,42534.87,6641.95,551,506
ORD-1218,2024-03-09,2024-03-10,2024-03-18,Mar,Q1,2024,West,Ahmedabad-W8,EcoShip India,Automotive,Battery,497,423,1534,788,8,On-Time,0,40175.85,4025.34,99,116
ORD-1219,2025-08-25,2025-08-28,2025-09-11,Aug,Q3,2025,North,Delhi-W1,JetStream Logistics,Electronics,Tablet,494,459,804,570,14,Delayed,8,30741.05,10514.84,116,128
ORD-1220,2024-05-27,2024-05-30,2024-06-10,May,Q2,2024,West,Mumbai-W7,GlobalLink Supply,Apparel,Jeans,75,72,1985,425,11,On-Time,0,5910.48,16712.95,180,195
ORD-1221,2025-05-18,2025-05-21,2025-06-02,May,Q2,2025,North,Delhi-W1,ClearPath Distributors,Apparel,Sneakers,446,434,651,576,12,On-Time,0,9017.91,9950.9,572,507
ORD-1222,2025-05-11,2025-05-14,2025-05-29,May,Q2,2025,East,Kolkata-W5,IndoTrans Pvt Ltd,FMCG,Detergent,209,199,926,288,15,On-Time,0,28592.88,12236.1,112,128
ORD-1223,2024-07-24,2024-07-25,2024-07-30,Jul,Q3,2024,North,Lucknow-W2,Apex Logistics,Apparel,Jeans,190,171,1050,667,5,On-Time,0,46538.31,14261.14,154,163
ORD-1224,2025-08-31,2025-09-02,2025-09-06,Aug,Q3,2025,West,Ahmedabad-W8,FastTrack Carriers,FMCG,Biscuits,433,422,285,441,4,Delayed,1,12330.83,12300.65,170,149
ORD-1225,2025-10-24,2025-10-25,2025-11-06,Oct,Q4,2025,South,Bengaluru-W4,GlobalLink Supply,Automotive,Brake Pad,492,475,1671,159,12,On-Time,0,10954.13,5117.61,361,450
ORD-1226,2024-09-15,2024-09-18,2024-10-02,Sep,Q3,2024,East,Bhubaneswar-W6,GlobalLink Supply,Pharma,Sanitizer,285,253,1055,459,14,On-Time,0,42093.99,9148.75,73,92
ORD-1227,2025-11-09,2025-11-11,2025-11-21,Nov,Q4,2025,East,Bhubaneswar-W6,BlueStar Supply Co,Pharma,Paracetamol,222,221,1411,482,10,On-Time,0,16751.61,14799.69,526,496
ORD-1228,2024-07-11,2024-07-12,2024-07-22,Jul,Q3,2024,South,Chennai-W3,JetStream Logistics,Pharma,Sanitizer,398,346,152,659,10,On-Time,0,16674.18,9534.18,260,238
ORD-1229,2025-08-20,2025-08-23,2025-09-03,Aug,Q3,2025,South,Bengaluru-W4,Delta Freight,Automotive,Battery,393,355,714,324,11,On-Time,0,44442.27,5260.45,87,89
ORD-1230,2024-09-21,2024-09-24,2024-10-08,Sep,Q3,2024,South,Bengaluru-W4,BlueStar Supply Co,FMCG,Biscuits,164,157,728,580,14,On-Time,0,19909.27,6690.07,187,190
ORD-1231,2024-04-30,2024-05-02,2024-05-04,Apr,Q2,2024,North,Lucknow-W2,Delta Freight,Automotive,Brake Pad,494,470,1185,455,2,On-Time,0,44188.21,4714.01,133,142
ORD-1232,2025-08-06,2025-08-08,2025-08-12,Aug,Q3,2025,East,Kolkata-W5,BlueStar Supply Co,Pharma,Sanitizer,373,372,741,799,4,Delayed,8,17308.75,15701.48,129,126
ORD-1233,2024-06-11,2024-06-13,2024-06-27,Jun,Q2,2024,North,Delhi-W1,JetStream Logistics,Pharma,Face Mask,256,234,1077,542,14,Delayed,9,13973.64,8715.83,54,47
ORD-1234,2025-06-27,2025-06-28,2025-06-30,Jun,Q2,2025,North,Delhi-W1,Delta Freight,Apparel,Jacket,116,100,1130,752,2,On-Time,0,7937.92,2822.93,184,188
ORD-1235,2025-06-16,2025-06-19,2025-06-29,Jun,Q2,2025,East,Bhubaneswar-W6,ClearPath Distributors,Apparel,Sneakers,233,224,437,563,10,Delayed,4,37722.6,4361.7,335,415
ORD-1236,2025-05-31,2025-06-01,2025-06-04,May,Q2,2025,East,Kolkata-W5,GlobalLink Supply,Apparel,T-Shirt,354,353,1455,260,3,On-Time,0,5888.38,14415.5,247,253
ORD-1237,2024-05-06,2024-05-09,2024-05-15,May,Q2,2024,West,Mumbai-W7,Delta Freight,Electronics,Tablet,265,251,1456,682,6,Delayed,10,36532.69,9538.86,420,500
ORD-1238,2025-09-24,2025-09-25,2025-10-01,Sep,Q3,2025,North,Delhi-W1,HyperChain Corp,FMCG,Shampoo,448,398,1171,356,6,On-Time,0,23439.03,4886.72,319,320
ORD-1239,2024-07-31,2024-08-03,2024-08-12,Jul,Q3,2024,East,Kolkata-W5,Apex Logistics,Electronics,Laptop,106,103,1470,655,9,Delayed,2,40078.68,3350.87,344,410
ORD-1240,2024-09-19,2024-09-22,2024-09-27,Sep,Q3,2024,West,Ahmedabad-W8,EcoShip India,Pharma,Paracetamol,101,98,1890,190,5,On-Time,0,21209.66,14181.8,282,258
ORD-1241,2024-04-07,2024-04-08,2024-04-10,Apr,Q2,2024,South,Chennai-W3,FastTrack Carriers,Apparel,Sneakers,368,327,1601,245,2,On-Time,0,20422.52,4048.98,289,244
ORD-1242,2024-10-05,2024-10-07,2024-10-20,Oct,Q4,2024,West,Ahmedabad-W8,ClearPath Distributors,Electronics,Smartphone,406,389,1829,313,13,Delayed,10,26720.37,12240.98,230,264
ORD-1243,2025-01-23,2025-01-25,2025-02-05,Jan,Q1,2025,North,Delhi-W1,HyperChain Corp,Pharma,Paracetamol,260,238,229,417,11,On-Time,0,5556.21,17629.98,340,308
ORD-1244,2025-08-13,2025-08-16,2025-08-27,Aug,Q3,2025,South,Bengaluru-W4,IndoTrans Pvt Ltd,Automotive,Brake Pad,271,257,609,643,11,On-Time,0,35433.3,8927.78,530,469
ORD-1245,2025-09-19,2025-09-20,2025-09-22,Sep,Q3,2025,South,Bengaluru-W4,HyperChain Corp,FMCG,Detergent,434,400,593,488,2,On-Time,0,7265.78,6008.72,351,369
ORD-1246,2024-08-28,2024-08-29,2024-09-07,Aug,Q3,2024,West,Ahmedabad-W8,BlueStar Supply Co,Pharma,Face Mask,211,183,1118,168,9,Delayed,7,6612.44,11883.78,386,462
ORD-1247,2025-09-10,2025-09-13,2025-09-25,Sep,Q3,2025,East,Kolkata-W5,HyperChain Corp,Apparel,Jacket,472,405,556,615,12,On-Time,0,39533.74,12799.12,431,406
ORD-1248,2025-04-08,2025-04-09,2025-04-12,Apr,Q2,2025,South,Chennai-W3,FastTrack Carriers,Apparel,Jacket,330,306,1537,258,3,Delayed,3,27159.0,16793.1,457,420
ORD-1249,2024-04-19,2024-04-21,2024-05-02,Apr,Q2,2024,South,Chennai-W3,BlueStar Supply Co,Pharma,Vitamin C,284,276,490,496,11,Delayed,7,7092.52,13398.33,397,384
ORD-1250,2025-04-06,2025-04-08,2025-04-20,Apr,Q2,2025,South,Bengaluru-W4,Apex Logistics,Automotive,Brake Pad,333,329,1817,749,12,On-Time,0,27874.98,18580.92,139,130
ORD-1251,2024-06-26,2024-06-29,2024-07-14,Jun,Q2,2024,South,Chennai-W3,GlobalLink Supply,Automotive,Tyre,308,302,957,773,15,On-Time,0,39306.86,6924.73,255,215
ORD-1252,2025-04-08,2025-04-09,2025-04-13,Apr,Q2,2025,West,Ahmedabad-W8,IndoTrans Pvt Ltd,Apparel,Jeans,152,133,1563,447,4,On-Time,0,46453.63,4388.09,427,403
ORD-1253,2024-07-01,2024-07-04,2024-07-14,Jul,Q3,2024,East,Kolkata-W5,FastTrack Carriers,Automotive,Battery,348,325,1466,577,10,On-Time,0,45223.97,11610.25,556,489
ORD-1254,2024-01-14,2024-01-17,2024-01-20,Jan,Q1,2024,North,Lucknow-W2,ClearPath Distributors,Electronics,Laptop,152,135,1708,314,3,On-Time,0,35752.56,4635.71,76,71
ORD-1255,2024-10-29,2024-10-30,2024-11-13,Oct,Q4,2024,North,Lucknow-W2,HyperChain Corp,Electronics,Smartphone,430,407,896,393,14,On-Time,0,40857.51,14530.31,419,394
ORD-1256,2025-01-25,2025-01-27,2025-02-04,Jan,Q1,2025,East,Kolkata-W5,Apex Logistics,Apparel,Jeans,367,359,1862,603,8,On-Time,0,46016.89,14683.32,351,371
ORD-1257,2025-08-25,2025-08-28,2025-09-10,Aug,Q3,2025,South,Chennai-W3,EcoShip India,Pharma,Vitamin C,399,343,455,676,13,Delayed,1,24282.85,12018.78,91,106
ORD-1258,2024-09-18,2024-09-19,2024-09-26,Sep,Q3,2024,West,Mumbai-W7,Apex Logistics,FMCG,Biscuits,355,304,1380,780,7,On-Time,0,18551.97,16218.35,302,321
ORD-1259,2025-12-25,2025-12-27,2026-01-06,Dec,Q4,2025,South,Chennai-W3,IndoTrans Pvt Ltd,Electronics,Smartphone,262,244,926,244,10,On-Time,0,44752.85,13940.02,197,209
ORD-1260,2024-08-11,2024-08-14,2024-08-24,Aug,Q3,2024,West,Mumbai-W7,BlueStar Supply Co,Apparel,Sneakers,173,170,1356,786,10,Delayed,1,35714.81,7776.87,568,508
ORD-1261,2024-04-26,2024-04-28,2024-05-04,Apr,Q2,2024,East,Kolkata-W5,IndoTrans Pvt Ltd,Apparel,Sneakers,299,256,1939,347,6,On-Time,0,8705.55,3727.22,441,435
ORD-1262,2024-01-08,2024-01-11,2024-01-14,Jan,Q1,2024,South,Chennai-W3,GlobalLink Supply,Electronics,Smartphone,325,316,1899,595,3,On-Time,0,47288.8,15444.03,95,118
ORD-1263,2024-12-05,2024-12-06,2024-12-09,Dec,Q4,2024,North,Delhi-W1,ClearPath Distributors,Apparel,T-Shirt,344,334,1965,414,3,On-Time,0,25300.65,9280.06,162,201
ORD-1264,2025-11-20,2025-11-21,2025-12-01,Nov,Q4,2025,North,Delhi-W1,JetStream Logistics,Electronics,Laptop,233,230,317,446,10,On-Time,0,18560.78,3557.09,504,431
ORD-1265,2025-01-25,2025-01-27,2025-02-11,Jan,Q1,2025,North,Lucknow-W2,ClearPath Distributors,Automotive,Engine Oil,119,114,1731,708,15,Delayed,3,18412.54,17965.61,512,447
ORD-1266,2025-10-25,2025-10-27,2025-10-29,Oct,Q4,2025,South,Chennai-W3,Apex Logistics,Electronics,Smart Watch,325,302,274,462,2,Delayed,6,14528.16,18301.3,477,475
ORD-1267,2024-06-13,2024-06-14,2024-06-19,Jun,Q2,2024,East,Kolkata-W5,BlueStar Supply Co,FMCG,Detergent,485,466,1224,622,5,On-Time,0,8291.51,14090.33,140,168
ORD-1268,2025-08-17,2025-08-19,2025-08-26,Aug,Q3,2025,East,Kolkata-W5,Delta Freight,Electronics,Tablet,367,315,496,475,7,On-Time,0,19775.57,13869.6,408,395
ORD-1269,2025-08-02,2025-08-05,2025-08-12,Aug,Q3,2025,East,Bhubaneswar-W6,ClearPath Distributors,Electronics,Tablet,176,170,1558,596,7,Delayed,6,11043.76,15193.51,485,489
ORD-1270,2025-04-01,2025-04-03,2025-04-17,Apr,Q2,2025,East,Bhubaneswar-W6,IndoTrans Pvt Ltd,Electronics,Smartphone,380,357,1823,437,14,On-Time,0,11300.08,11695.12,190,174
ORD-1271,2025-10-03,2025-10-04,2025-10-17,Oct,Q4,2025,North,Delhi-W1,IndoTrans Pvt Ltd,Electronics,Smart Watch,443,415,1956,187,13,On-Time,0,29456.12,19977.11,298,281
ORD-1272,2024-06-01,2024-06-03,2024-06-11,Jun,Q2,2024,South,Bengaluru-W4,ClearPath Distributors,Pharma,Paracetamol,253,228,121,394,8,On-Time,0,41294.3,13052.65,136,124
ORD-1273,2024-05-23,2024-05-25,2024-05-29,May,Q2,2024,South,Chennai-W3,HyperChain Corp,Apparel,T-Shirt,162,156,574,214,4,Delayed,4,6926.38,5721.93,562,504
ORD-1274,2025-02-01,2025-02-03,2025-02-12,Feb,Q1,2025,North,Delhi-W1,FastTrack Carriers,Electronics,Tablet,477,458,1285,707,9,On-Time,0,21949.68,8813.33,360,340
ORD-1275,2024-03-20,2024-03-23,2024-03-29,Mar,Q1,2024,West,Mumbai-W7,IndoTrans Pvt Ltd,Pharma,Sanitizer,468,458,1097,643,6,On-Time,0,5296.9,17876.62,229,265
ORD-1276,2024-03-19,2024-03-22,2024-04-03,Mar,Q1,2024,East,Kolkata-W5,ClearPath Distributors,FMCG,Shampoo,235,220,1773,271,12,On-Time,0,23657.62,7944.05,97,98
ORD-1277,2025-05-05,2025-05-07,2025-05-12,May,Q2,2025,South,Bengaluru-W4,Apex Logistics,FMCG,Detergent,115,107,429,287,5,On-Time,0,6763.59,12300.85,58,68
ORD-1278,2024-07-03,2024-07-06,2024-07-14,Jul,Q3,2024,North,Lucknow-W2,BlueStar Supply Co,FMCG,Cooking Oil,360,359,1876,643,8,Delayed,7,32037.74,16303.09,509,460
ORD-1279,2025-09-30,2025-10-03,2025-10-13,Sep,Q3,2025,East,Kolkata-W5,FastTrack Carriers,Pharma,Paracetamol,167,151,370,261,10,Delayed,9,43681.63,11078.47,287,254
ORD-1280,2025-09-12,2025-09-13,2025-09-17,Sep,Q3,2025,West,Mumbai-W7,IndoTrans Pvt Ltd,Automotive,Brake Pad,97,89,366,767,4,On-Time,0,5054.01,18879.23,410,387
ORD-1281,2025-06-18,2025-06-20,2025-06-27,Jun,Q2,2025,North,Lucknow-W2,Delta Freight,Pharma,Face Mask,229,214,1618,739,7,Delayed,3,16453.31,15785.46,577,505
ORD-1282,2024-10-17,2024-10-20,2024-10-30,Oct,Q4,2024,West,Ahmedabad-W8,Delta Freight,Electronics,Laptop,345,320,1164,157,10,On-Time,0,14243.84,16477.17,235,249
ORD-1283,2024-06-07,2024-06-09,2024-06-21,Jun,Q2,2024,East,Bhubaneswar-W6,IndoTrans Pvt Ltd,Pharma,Sanitizer,363,323,1493,556,12,On-Time,0,23595.27,16108.19,250,287
ORD-1284,2025-07-26,2025-07-29,2025-08-07,Jul,Q3,2025,East,Bhubaneswar-W6,JetStream Logistics,Apparel,Sneakers,426,370,1869,271,9,On-Time,0,25096.77,14587.61,102,122
ORD-1285,2025-06-04,2025-06-06,2025-06-20,Jun,Q2,2025,East,Kolkata-W5,ClearPath Distributors,Pharma,Paracetamol,461,398,397,632,14,On-Time,0,24591.98,3153.45,145,153
ORD-1286,2025-09-15,2025-09-16,2025-09-29,Sep,Q3,2025,West,Ahmedabad-W8,JetStream Logistics,Automotive,Tyre,414,411,217,329,13,On-Time,0,24753.74,5630.73,440,376
ORD-1287,2025-06-14,2025-06-16,2025-06-21,Jun,Q2,2025,North,Delhi-W1,JetStream Logistics,FMCG,Detergent,234,207,100,311,5,Delayed,5,40085.28,8356.3,232,242
ORD-1288,2024-07-24,2024-07-27,2024-07-29,Jul,Q3,2024,North,Delhi-W1,IndoTrans Pvt Ltd,Apparel,Jacket,227,225,666,381,2,On-Time,0,13753.63,18734.85,267,334
ORD-1289,2024-06-28,2024-06-30,2024-07-10,Jun,Q2,2024,North,Delhi-W1,IndoTrans Pvt Ltd,Apparel,Jacket,109,105,627,700,10,On-Time,0,30870.22,14495.45,238,233
ORD-1290,2024-09-06,2024-09-08,2024-09-22,Sep,Q3,2024,West,Ahmedabad-W8,JetStream Logistics,Electronics,Smart Watch,109,96,883,798,14,On-Time,0,14917.2,14621.17,415,449
ORD-1291,2024-12-27,2024-12-30,2025-01-09,Dec,Q4,2024,North,Lucknow-W2,Delta Freight,Apparel,T-Shirt,254,241,1781,500,10,Delayed,3,26445.0,8363.68,511,497
ORD-1292,2024-07-06,2024-07-09,2024-07-21,Jul,Q3,2024,South,Bengaluru-W4,Delta Freight,FMCG,Shampoo,496,441,569,357,12,On-Time,0,42635.06,8408.49,369,438
ORD-1293,2024-03-21,2024-03-24,2024-04-05,Mar,Q1,2024,West,Mumbai-W7,IndoTrans Pvt Ltd,Electronics,Smart Watch,240,226,1108,738,12,On-Time,0,27086.24,19719.1,510,508
ORD-1294,2025-02-11,2025-02-12,2025-02-26,Feb,Q1,2025,South,Chennai-W3,IndoTrans Pvt Ltd,Pharma,Face Mask,326,278,811,553,14,On-Time,0,39915.68,10229.53,109,101
ORD-1295,2025-04-16,2025-04-18,2025-05-01,Apr,Q2,2025,North,Delhi-W1,Delta Freight,Pharma,Paracetamol,216,195,1865,415,13,Delayed,5,15671.26,10484.22,330,353
ORD-1296,2024-07-07,2024-07-09,2024-07-17,Jul,Q3,2024,South,Bengaluru-W4,FastTrack Carriers,Apparel,Sneakers,193,177,1270,284,8,On-Time,0,35870.54,16655.43,371,409
ORD-1297,2024-08-29,2024-09-01,2024-09-09,Aug,Q3,2024,West,Mumbai-W7,ClearPath Distributors,FMCG,Cooking Oil,462,393,963,661,8,Delayed,9,29029.22,7683.09,265,289
ORD-1298,2025-07-29,2025-08-01,2025-08-03,Jul,Q3,2025,West,Mumbai-W7,ClearPath Distributors,Electronics,Smartphone,466,413,1818,794,2,Delayed,6,16689.61,8485.52,381,325
ORD-1299,2024-09-20,2024-09-22,2024-09-24,Sep,Q3,2024,West,Mumbai-W7,FastTrack Carriers,Automotive,Engine Oil,345,323,1429,701,2,Delayed,5,20979.91,14117.47,320,289
ORD-1300,2025-04-02,2025-04-03,2025-04-11,Apr,Q2,2025,East,Bhubaneswar-W6,ClearPath Distributors,FMCG,Biscuits,265,250,1270,564,8,On-Time,0,8210.48,4915.99,144,156
ORD-1301,2025-10-30,2025-11-01,2025-11-14,Oct,Q4,2025,East,Bhubaneswar-W6,EcoShip India,Pharma,Sanitizer,432,405,1022,573,13,Delayed,1,10626.8,6223.29,197,168
ORD-1302,2025-12-18,2025-12-21,2025-12-24,Dec,Q4,2025,South,Chennai-W3,GlobalLink Supply,Electronics,Laptop,82,81,1069,711,3,Delayed,7,28579.23,19928.25,84,93
ORD-1303,2024-06-08,2024-06-09,2024-06-21,Jun,Q2,2024,West,Ahmedabad-W8,Delta Freight,FMCG,Biscuits,276,260,368,689,12,On-Time,0,6285.71,13943.88,559,480
ORD-1304,2025-05-02,2025-05-04,2025-05-19,May,Q2,2025,East,Bhubaneswar-W6,ClearPath Distributors,Automotive,Engine Oil,352,330,1392,727,15,On-Time,0,33790.39,11608.11,474,505
ORD-1305,2025-07-06,2025-07-07,2025-07-21,Jul,Q3,2025,North,Lucknow-W2,EcoShip India,Apparel,Sneakers,183,159,121,150,14,On-Time,0,39123.21,4453.41,183,186
ORD-1306,2024-01-09,2024-01-12,2024-01-21,Jan,Q1,2024,West,Ahmedabad-W8,Apex Logistics,Pharma,Sanitizer,355,314,114,711,9,On-Time,0,23528.11,12089.98,217,242
ORD-1307,2025-10-23,2025-10-25,2025-11-09,Oct,Q4,2025,West,Mumbai-W7,EcoShip India,Electronics,Smart Watch,370,327,1665,777,15,On-Time,0,35808.81,7124.18,425,420
ORD-1308,2024-10-02,2024-10-04,2024-10-09,Oct,Q4,2024,North,Delhi-W1,ClearPath Distributors,Apparel,T-Shirt,376,345,1027,428,5,On-Time,0,27139.82,7771.59,95,117
ORD-1309,2025-07-01,2025-07-02,2025-07-06,Jul,Q3,2025,North,Lucknow-W2,EcoShip India,FMCG,Cooking Oil,422,359,284,304,4,Delayed,4,20386.08,7608.38,448,449
ORD-1310,2025-01-15,2025-01-17,2025-01-30,Jan,Q1,2025,North,Lucknow-W2,BlueStar Supply Co,FMCG,Detergent,186,179,246,706,13,On-Time,0,13648.65,17147.71,436,458
ORD-1311,2024-01-13,2024-01-14,2024-01-28,Jan,Q1,2024,South,Bengaluru-W4,HyperChain Corp,FMCG,Detergent,151,138,1678,246,14,On-Time,0,49195.21,10510.86,459,388
ORD-1312,2024-11-26,2024-11-27,2024-12-09,Nov,Q4,2024,North,Delhi-W1,EcoShip India,Pharma,Sanitizer,151,136,206,373,12,On-Time,0,15618.46,9814.91,40,47
ORD-1313,2024-10-09,2024-10-12,2024-10-15,Oct,Q4,2024,West,Mumbai-W7,Apex Logistics,Electronics,Smart Watch,402,377,860,241,3,Delayed,8,9113.07,13135.61,612,516
ORD-1314,2025-10-02,2025-10-03,2025-10-05,Oct,Q4,2025,East,Kolkata-W5,IndoTrans Pvt Ltd,Electronics,Smartphone,299,264,1243,505,2,On-Time,0,24742.35,5473.38,372,392
ORD-1315,2024-05-17,2024-05-19,2024-05-21,May,Q2,2024,West,Ahmedabad-W8,IndoTrans Pvt Ltd,Apparel,Sneakers,147,137,1213,506,2,On-Time,0,26077.76,17617.91,403,346
ORD-1316,2025-07-21,2025-07-22,2025-07-25,Jul,Q3,2025,South,Bengaluru-W4,EcoShip India,Apparel,Jacket,282,239,1406,668,3,On-Time,0,13349.04,2336.96,452,478
ORD-1317,2025-09-27,2025-09-28,2025-10-05,Sep,Q3,2025,North,Lucknow-W2,Delta Freight,Automotive,Battery,442,412,1355,439,7,On-Time,0,33840.68,3988.35,326,307
ORD-1318,2024-02-14,2024-02-15,2024-02-19,Feb,Q1,2024,North,Delhi-W1,BlueStar Supply Co,Pharma,Vitamin C,100,85,1414,547,4,On-Time,0,28661.96,14623.65,140,171
ORD-1319,2024-08-14,2024-08-17,2024-08-30,Aug,Q3,2024,North,Delhi-W1,Delta Freight,Pharma,Paracetamol,289,280,224,519,13,On-Time,0,47220.97,9487.16,254,228
ORD-1320,2024-02-29,2024-03-03,2024-03-09,Feb,Q1,2024,North,Delhi-W1,EcoShip India,Electronics,Smartphone,315,272,1585,386,6,On-Time,0,13525.72,11471.46,171,167
ORD-1321,2024-07-02,2024-07-05,2024-07-18,Jul,Q3,2024,West,Mumbai-W7,JetStream Logistics,Apparel,Sneakers,409,388,1908,256,13,Delayed,3,29748.45,11084.47,324,376
ORD-1322,2025-09-06,2025-09-08,2025-09-15,Sep,Q3,2025,East,Bhubaneswar-W6,FastTrack Carriers,Pharma,Face Mask,472,452,1346,396,7,On-Time,0,14626.77,15782.75,564,514
ORD-1323,2025-01-03,2025-01-05,2025-01-14,Jan,Q1,2025,West,Mumbai-W7,Apex Logistics,Apparel,T-Shirt,315,274,1923,459,9,Delayed,4,14667.03,7668.28,491,435
ORD-1324,2025-12-07,2025-12-09,2025-12-19,Dec,Q4,2025,South,Chennai-W3,Apex Logistics,Pharma,Sanitizer,129,112,851,746,10,Delayed,5,41498.34,3654.29,250,244
ORD-1325,2024-08-10,2024-08-13,2024-08-16,Aug,Q3,2024,East,Bhubaneswar-W6,ClearPath Distributors,Pharma,Paracetamol,354,335,176,740,3,On-Time,0,40105.49,18593.69,198,211
ORD-1326,2025-03-20,2025-03-22,2025-04-06,Mar,Q1,2025,North,Delhi-W1,JetStream Logistics,Electronics,Smart Watch,77,68,184,476,15,On-Time,0,11731.1,11043.23,131,153
ORD-1327,2025-11-20,2025-11-23,2025-12-01,Nov,Q4,2025,West,Mumbai-W7,Delta Freight,Pharma,Sanitizer,452,410,370,494,8,Delayed,10,38539.18,11866.74,145,174
ORD-1328,2025-05-28,2025-05-30,2025-06-13,May,Q2,2025,South,Chennai-W3,HyperChain Corp,Automotive,Engine Oil,299,271,1270,350,14,On-Time,0,49868.54,11436.46,135,164
ORD-1329,2025-03-16,2025-03-18,2025-03-30,Mar,Q1,2025,North,Delhi-W1,GlobalLink Supply,Pharma,Sanitizer,228,200,805,758,12,On-Time,0,39635.66,5046.59,229,219
ORD-1330,2025-03-28,2025-03-31,2025-04-04,Mar,Q1,2025,West,Mumbai-W7,Delta Freight,FMCG,Biscuits,129,124,1846,237,4,Delayed,1,15937.17,13178.04,131,115
ORD-1331,2024-10-21,2024-10-22,2024-10-29,Oct,Q4,2024,North,Lucknow-W2,HyperChain Corp,Pharma,Paracetamol,219,193,1201,366,7,Delayed,9,38765.98,11878.4,390,358
ORD-1332,2024-05-24,2024-05-27,2024-06-09,May,Q2,2024,North,Lucknow-W2,JetStream Logistics,Automotive,Brake Pad,180,157,681,355,13,On-Time,0,32808.41,2955.53,441,375
ORD-1333,2024-03-09,2024-03-11,2024-03-23,Mar,Q1,2024,East,Bhubaneswar-W6,BlueStar Supply Co,Electronics,Tablet,494,485,891,386,12,On-Time,0,27884.31,14774.4,464,502
ORD-1334,2025-09-03,2025-09-06,2025-09-09,Sep,Q3,2025,South,Chennai-W3,IndoTrans Pvt Ltd,Pharma,Paracetamol,70,62,1184,462,3,On-Time,0,22702.99,4826.09,232,217
ORD-1335,2024-12-29,2025-01-01,2025-01-07,Dec,Q4,2024,South,Bengaluru-W4,Apex Logistics,Apparel,Sneakers,467,466,1236,436,6,Delayed,6,45372.89,13824.77,91,84
ORD-1336,2025-06-17,2025-06-20,2025-07-01,Jun,Q2,2025,South,Bengaluru-W4,Delta Freight,Automotive,Engine Oil,268,266,1963,769,11,On-Time,0,29400.52,5721.63,113,110
ORD-1337,2025-12-01,2025-12-02,2025-12-17,Dec,Q4,2025,South,Bengaluru-W4,IndoTrans Pvt Ltd,FMCG,Cooking Oil,444,387,1256,311,15,On-Time,0,30080.31,19074.83,87,100
ORD-1338,2024-05-29,2024-06-01,2024-06-03,May,Q2,2024,East,Bhubaneswar-W6,GlobalLink Supply,Apparel,Sneakers,431,426,1931,430,2,Delayed,4,9804.71,5325.44,513,430
ORD-1339,2025-09-23,2025-09-25,2025-10-06,Sep,Q3,2025,South,Chennai-W3,Delta Freight,Electronics,Tablet,90,85,1076,287,11,On-Time,0,32212.03,14816.34,201,231
ORD-1340,2025-01-31,2025-02-02,2025-02-11,Jan,Q1,2025,South,Chennai-W3,Delta Freight,FMCG,Detergent,259,249,130,426,9,On-Time,0,15014.94,14084.1,157,143
ORD-1341,2024-03-08,2024-03-09,2024-03-18,Mar,Q1,2024,West,Ahmedabad-W8,HyperChain Corp,FMCG,Cooking Oil,257,248,1345,539,9,On-Time,0,22736.78,18904.5,344,332
ORD-1342,2025-06-21,2025-06-24,2025-07-07,Jun,Q2,2025,North,Delhi-W1,HyperChain Corp,Pharma,Paracetamol,499,498,1162,700,13,On-Time,0,38082.65,12038.62,336,304
ORD-1343,2024-02-20,2024-02-21,2024-02-27,Feb,Q1,2024,West,Ahmedabad-W8,EcoShip India,Apparel,Sneakers,135,123,1355,205,6,On-Time,0,45665.4,10344.42,362,370
ORD-1344,2025-05-27,2025-05-28,2025-06-01,May,Q2,2025,South,Bengaluru-W4,GlobalLink Supply,Apparel,Sneakers,62,54,1308,356,4,On-Time,0,9058.08,7833.35,432,372
ORD-1345,2024-06-16,2024-06-19,2024-07-02,Jun,Q2,2024,North,Delhi-W1,BlueStar Supply Co,Pharma,Sanitizer,93,86,886,673,13,On-Time,0,12195.49,11906.23,68,62
ORD-1346,2024-12-09,2024-12-12,2024-12-27,Dec,Q4,2024,South,Chennai-W3,ClearPath Distributors,FMCG,Detergent,264,236,1595,606,15,Delayed,3,10289.93,4368.28,114,143
ORD-1347,2024-09-16,2024-09-17,2024-09-26,Sep,Q3,2024,West,Ahmedabad-W8,IndoTrans Pvt Ltd,Electronics,Smart Watch,171,150,1450,637,9,On-Time,0,24884.39,12821.9,38,43
ORD-1348,2025-07-14,2025-07-16,2025-07-27,Jul,Q3,2025,South,Chennai-W3,ClearPath Distributors,FMCG,Detergent,384,346,397,183,11,On-Time,0,42710.65,7371.95,426,511
ORD-1349,2024-04-21,2024-04-23,2024-04-27,Apr,Q2,2024,South,Bengaluru-W4,JetStream Logistics,Automotive,Engine Oil,283,272,837,186,4,Delayed,5,19526.98,18155.54,379,459
ORD-1350,2025-03-13,2025-03-16,2025-03-19,Mar,Q1,2025,East,Bhubaneswar-W6,ClearPath Distributors,Electronics,Tablet,218,202,1174,364,3,On-Time,0,32542.42,3967.44,492,413
ORD-1351,2025-06-25,2025-06-26,2025-07-05,Jun,Q2,2025,East,Bhubaneswar-W6,JetStream Logistics,Apparel,Jacket,319,298,1376,512,9,On-Time,0,32643.05,10935.14,434,413
ORD-1352,2025-05-19,2025-05-20,2025-05-31,May,Q2,2025,South,Bengaluru-W4,Delta Freight,Electronics,Laptop,62,57,1731,270,11,On-Time,0,14329.89,13075.54,243,252
ORD-1353,2024-12-07,2024-12-09,2024-12-19,Dec,Q4,2024,South,Chennai-W3,Delta Freight,Apparel,Jacket,454,390,714,668,10,On-Time,0,39516.47,4049.06,196,210
ORD-1354,2025-08-05,2025-08-08,2025-08-10,Aug,Q3,2025,South,Chennai-W3,FastTrack Carriers,Apparel,Sneakers,292,283,1422,289,2,On-Time,0,33224.02,18057.05,363,314
ORD-1355,2025-04-18,2025-04-20,2025-05-03,Apr,Q2,2025,North,Lucknow-W2,JetStream Logistics,Apparel,T-Shirt,156,146,779,512,13,Delayed,3,17620.7,2561.12,243,232
ORD-1356,2024-06-18,2024-06-21,2024-07-02,Jun,Q2,2024,West,Mumbai-W7,JetStream Logistics,Electronics,Tablet,411,402,1553,182,11,Delayed,2,27367.45,6277.56,306,271
ORD-1357,2024-11-05,2024-11-06,2024-11-16,Nov,Q4,2024,East,Kolkata-W5,BlueStar Supply Co,Apparel,T-Shirt,448,394,289,604,10,On-Time,0,40956.14,18289.2,103,118
ORD-1358,2025-05-10,2025-05-13,2025-05-28,May,Q2,2025,East,Bhubaneswar-W6,ClearPath Distributors,Electronics,Smartphone,155,148,1040,546,15,On-Time,0,28505.52,2073.98,422,517
ORD-1359,2025-08-31,2025-09-01,2025-09-08,Aug,Q3,2025,West,Mumbai-W7,BlueStar Supply Co,Automotive,Tyre,61,57,739,364,7,On-Time,0,13664.55,6979.69,225,203
ORD-1360,2025-11-18,2025-11-19,2025-11-25,Nov,Q4,2025,South,Chennai-W3,EcoShip India,Electronics,Laptop,368,343,309,361,6,On-Time,0,29721.45,6878.94,448,400
ORD-1361,2025-08-10,2025-08-11,2025-08-15,Aug,Q3,2025,North,Lucknow-W2,JetStream Logistics,Apparel,Sneakers,75,65,1064,201,4,Delayed,1,8875.38,9054.5,415,400
ORD-1362,2025-08-29,2025-09-01,2025-09-16,Aug,Q3,2025,West,Ahmedabad-W8,EcoShip India,Apparel,Jeans,415,399,1757,696,15,Delayed,8,30550.52,3672.49,525,450
ORD-1363,2025-04-24,2025-04-25,2025-05-04,Apr,Q2,2025,East,Bhubaneswar-W6,HyperChain Corp,FMCG,Shampoo,123,120,1363,414,9,On-Time,0,22643.46,14593.06,354,380
ORD-1364,2024-11-28,2024-11-30,2024-12-09,Nov,Q4,2024,North,Delhi-W1,HyperChain Corp,Electronics,Tablet,295,271,449,439,9,On-Time,0,32199.81,4293.09,88,92
ORD-1365,2024-04-19,2024-04-21,2024-05-01,Apr,Q2,2024,North,Lucknow-W2,IndoTrans Pvt Ltd,Pharma,Face Mask,352,321,1371,399,10,On-Time,0,48825.13,8908.7,189,214
ORD-1366,2025-12-11,2025-12-14,2025-12-22,Dec,Q4,2025,West,Ahmedabad-W8,IndoTrans Pvt Ltd,FMCG,Shampoo,389,369,1614,737,8,On-Time,0,10144.53,12729.36,210,206
ORD-1367,2025-03-31,2025-04-01,2025-04-07,Mar,Q1,2025,West,Mumbai-W7,JetStream Logistics,Electronics,Smart Watch,217,200,1452,212,6,Delayed,3,44926.77,18258.61,410,365
ORD-1368,2024-05-30,2024-06-02,2024-06-06,May,Q2,2024,West,Ahmedabad-W8,GlobalLink Supply,Automotive,Battery,150,132,1896,474,4,Delayed,5,46332.57,18860.18,485,407
ORD-1369,2024-12-18,2024-12-19,2024-12-30,Dec,Q4,2024,North,Lucknow-W2,ClearPath Distributors,Apparel,T-Shirt,239,235,208,150,11,On-Time,0,41933.9,8466.4,438,480
ORD-1370,2024-02-01,2024-02-02,2024-02-10,Feb,Q1,2024,West,Ahmedabad-W8,GlobalLink Supply,Pharma,Face Mask,272,253,1456,327,8,On-Time,0,13470.21,8922.71,484,513
ORD-1371,2025-03-03,2025-03-04,2025-03-10,Mar,Q1,2025,South,Chennai-W3,Apex Logistics,Electronics,Laptop,123,117,1096,597,6,On-Time,0,11109.91,4469.96,436,452
ORD-1372,2025-04-11,2025-04-14,2025-04-25,Apr,Q2,2025,West,Mumbai-W7,HyperChain Corp,Automotive,Battery,332,323,887,513,11,Delayed,7,32205.8,12402.89,516,473
ORD-1373,2025-12-30,2026-01-02,2026-01-08,Dec,Q4,2025,West,Ahmedabad-W8,Apex Logistics,Electronics,Smart Watch,410,371,1288,643,6,On-Time,0,8602.84,15143.34,368,309
ORD-1374,2024-10-13,2024-10-15,2024-10-25,Oct,Q4,2024,North,Delhi-W1,Delta Freight,Pharma,Paracetamol,400,378,1734,743,10,On-Time,0,7374.84,8183.83,352,438
ORD-1375,2025-04-09,2025-04-12,2025-04-21,Apr,Q2,2025,East,Bhubaneswar-W6,FastTrack Carriers,Apparel,Jacket,135,115,1990,761,9,On-Time,0,37713.73,12146.71,74,71
ORD-1376,2025-08-15,2025-08-16,2025-08-27,Aug,Q3,2025,North,Lucknow-W2,JetStream Logistics,Electronics,Tablet,298,256,1135,228,11,On-Time,0,17503.2,4385.7,166,183
ORD-1377,2024-09-20,2024-09-21,2024-10-04,Sep,Q3,2024,North,Delhi-W1,JetStream Logistics,FMCG,Cooking Oil,239,232,635,391,13,On-Time,0,40971.74,17516.26,256,215
ORD-1378,2024-05-28,2024-05-31,2024-06-15,May,Q2,2024,South,Bengaluru-W4,GlobalLink Supply,Pharma,Vitamin C,388,355,1405,321,15,Delayed,6,7444.66,6759.12,388,459
ORD-1379,2024-06-20,2024-06-22,2024-06-30,Jun,Q2,2024,West,Ahmedabad-W8,HyperChain Corp,Automotive,Engine Oil,244,232,898,635,8,Delayed,9,44162.5,2213.53,575,514
ORD-1380,2025-01-26,2025-01-29,2025-02-05,Jan,Q1,2025,North,Delhi-W1,IndoTrans Pvt Ltd,Apparel,Sneakers,362,357,1857,429,7,On-Time,0,17018.95,3768.98,387,375
ORD-1381,2025-04-17,2025-04-20,2025-05-03,Apr,Q2,2025,South,Chennai-W3,IndoTrans Pvt Ltd,Apparel,Jeans,210,195,1477,158,13,On-Time,0,5538.26,3758.58,99,93
ORD-1382,2024-12-25,2024-12-26,2025-01-08,Dec,Q4,2024,East,Bhubaneswar-W6,Delta Freight,Electronics,Laptop,367,317,1316,372,13,On-Time,0,33713.73,14745.35,84,101
ORD-1383,2025-09-11,2025-09-12,2025-09-20,Sep,Q3,2025,South,Chennai-W3,ClearPath Distributors,Apparel,Jacket,289,274,255,614,8,On-Time,0,17437.26,9685.7,535,502
ORD-1384,2024-11-27,2024-11-29,2024-12-03,Nov,Q4,2024,North,Lucknow-W2,Apex Logistics,Pharma,Face Mask,220,219,628,421,4,Delayed,2,27127.48,18714.55,336,352
ORD-1385,2025-10-22,2025-10-24,2025-10-27,Oct,Q4,2025,South,Bengaluru-W4,Delta Freight,Automotive,Brake Pad,276,264,311,185,3,Delayed,10,37739.53,15990.27,56,49
ORD-1386,2024-06-01,2024-06-04,2024-06-16,Jun,Q2,2024,North,Delhi-W1,GlobalLink Supply,Apparel,Jeans,408,366,901,738,12,Delayed,8,26516.27,9270.43,458,412
ORD-1387,2024-03-12,2024-03-15,2024-03-20,Mar,Q1,2024,North,Lucknow-W2,HyperChain Corp,Electronics,Tablet,220,209,920,206,5,On-Time,0,48147.07,3632.01,357,313
ORD-1388,2024-12-14,2024-12-15,2024-12-30,Dec,Q4,2024,West,Ahmedabad-W8,Delta Freight,FMCG,Detergent,246,233,712,549,15,On-Time,0,33377.77,8466.7,95,83
ORD-1389,2025-03-24,2025-03-27,2025-04-01,Mar,Q1,2025,South,Chennai-W3,Delta Freight,Electronics,Smartphone,300,272,1723,703,5,On-Time,0,27485.79,19369.17,445,455
ORD-1390,2024-01-17,2024-01-18,2024-01-25,Jan,Q1,2024,North,Lucknow-W2,Apex Logistics,Pharma,Paracetamol,158,153,1466,685,7,On-Time,0,35513.5,17736.6,127,116
ORD-1391,2024-08-26,2024-08-27,2024-08-29,Aug,Q3,2024,South,Bengaluru-W4,Apex Logistics,Pharma,Paracetamol,174,166,367,164,2,Delayed,1,45709.81,16773.31,87,89
ORD-1392,2024-06-23,2024-06-26,2024-06-29,Jun,Q2,2024,North,Delhi-W1,HyperChain Corp,Automotive,Engine Oil,82,79,972,495,3,On-Time,0,49198.67,14211.16,174,206
ORD-1393,2025-12-01,2025-12-04,2025-12-14,Dec,Q4,2025,South,Bengaluru-W4,Delta Freight,Electronics,Smartphone,221,189,660,294,10,On-Time,0,12562.29,8658.69,120,124
ORD-1394,2025-08-18,2025-08-19,2025-08-23,Aug,Q3,2025,North,Lucknow-W2,ClearPath Distributors,Electronics,Smart Watch,91,77,467,241,4,On-Time,0,31717.87,7107.17,443,395
ORD-1395,2025-05-02,2025-05-05,2025-05-09,May,Q2,2025,South,Chennai-W3,EcoShip India,Automotive,Battery,260,230,457,775,4,On-Time,0,31832.24,14909.58,416,353
ORD-1396,2025-10-04,2025-10-06,2025-10-13,Oct,Q4,2025,West,Mumbai-W7,IndoTrans Pvt Ltd,FMCG,Shampoo,110,109,295,783,7,On-Time,0,39250.77,11715.01,149,152
ORD-1397,2025-10-03,2025-10-06,2025-10-11,Oct,Q4,2025,East,Kolkata-W5,Delta Freight,Electronics,Smartphone,400,390,1966,635,5,On-Time,0,12189.18,18608.11,70,67
ORD-1398,2024-10-18,2024-10-19,2024-10-27,Oct,Q4,2024,East,Bhubaneswar-W6,JetStream Logistics,Pharma,Paracetamol,103,98,1994,700,8,Delayed,1,26827.76,4089.17,445,498
ORD-1399,2025-03-31,2025-04-03,2025-04-14,Mar,Q1,2025,East,Bhubaneswar-W6,Delta Freight,Apparel,Jeans,448,388,566,250,11,Delayed,7,44144.88,8759.58,126,152
ORD-1400,2025-08-22,2025-08-24,2025-08-26,Aug,Q3,2025,West,Mumbai-W7,Delta Freight,Automotive,Battery,141,128,379,618,2,On-Time,0,33440.95,19560.01,133,143
ORD-1401,2024-02-02,2024-02-05,2024-02-16,Feb,Q1,2024,North,Lucknow-W2,ClearPath Distributors,Electronics,Smart Watch,284,259,1657,501,11,Delayed,5,32163.62,16211.85,432,366
ORD-1402,2024-06-23,2024-06-26,2024-07-06,Jun,Q2,2024,South,Chennai-W3,GlobalLink Supply,Automotive,Battery,491,490,1311,634,10,On-Time,0,17562.69,15140.32,478,416
ORD-1403,2024-09-10,2024-09-12,2024-09-20,Sep,Q3,2024,South,Chennai-W3,JetStream Logistics,Electronics,Smart Watch,72,61,1063,666,8,Delayed,9,22744.41,16574.9,446,396
ORD-1404,2025-04-08,2025-04-10,2025-04-15,Apr,Q2,2025,North,Delhi-W1,GlobalLink Supply,FMCG,Shampoo,233,208,1426,242,5,Delayed,5,12281.13,10267.09,364,332
ORD-1405,2024-01-25,2024-01-27,2024-02-05,Jan,Q1,2024,South,Bengaluru-W4,ClearPath Distributors,Apparel,Sneakers,410,387,1862,792,9,Delayed,6,28891.41,7338.62,385,425
ORD-1406,2025-09-19,2025-09-22,2025-10-03,Sep,Q3,2025,South,Chennai-W3,JetStream Logistics,Apparel,T-Shirt,313,310,1481,522,11,On-Time,0,9993.49,8580.64,290,356
ORD-1407,2025-01-10,2025-01-11,2025-01-23,Jan,Q1,2025,North,Delhi-W1,ClearPath Distributors,Apparel,Jeans,326,282,1079,744,12,On-Time,0,36627.96,15557.12,381,429
ORD-1408,2024-12-27,2024-12-29,2025-01-08,Dec,Q4,2024,West,Ahmedabad-W8,Apex Logistics,Electronics,Tablet,226,207,1126,689,10,On-Time,0,26157.37,11574.28,468,462
ORD-1409,2024-10-26,2024-10-28,2024-11-08,Oct,Q4,2024,East,Kolkata-W5,Delta Freight,Pharma,Paracetamol,91,82,466,445,11,On-Time,0,8462.63,4965.79,104,97
ORD-1410,2025-05-23,2025-05-24,2025-06-08,May,Q2,2025,South,Chennai-W3,EcoShip India,Pharma,Vitamin C,292,263,1009,171,15,Delayed,2,5991.65,16435.8,550,467
ORD-1411,2025-10-22,2025-10-24,2025-11-01,Oct,Q4,2025,East,Bhubaneswar-W6,HyperChain Corp,Automotive,Battery,284,254,370,463,8,Delayed,5,15205.19,8694.24,207,187
ORD-1412,2024-02-18,2024-02-19,2024-02-26,Feb,Q1,2024,East,Bhubaneswar-W6,ClearPath Distributors,Automotive,Engine Oil,414,385,473,329,7,On-Time,0,36178.67,13994.41,102,118
ORD-1413,2024-04-29,2024-04-30,2024-05-07,Apr,Q2,2024,South,Bengaluru-W4,EcoShip India,Apparel,Jeans,155,144,171,474,7,On-Time,0,11657.49,10071.72,124,123
ORD-1414,2024-05-04,2024-05-05,2024-05-13,May,Q2,2024,West,Mumbai-W7,HyperChain Corp,Apparel,Jeans,52,51,1218,669,8,On-Time,0,36745.31,10530.39,223,188
ORD-1415,2025-08-10,2025-08-13,2025-08-17,Aug,Q3,2025,West,Ahmedabad-W8,BlueStar Supply Co,Pharma,Paracetamol,121,115,339,465,4,Delayed,10,42839.46,10027.51,80,87
ORD-1416,2025-09-14,2025-09-17,2025-09-22,Sep,Q3,2025,South,Bengaluru-W4,Delta Freight,Electronics,Laptop,325,317,1486,239,5,On-Time,0,22749.06,10828.38,362,348
ORD-1417,2024-02-27,2024-03-01,2024-03-08,Feb,Q1,2024,West,Mumbai-W7,GlobalLink Supply,Apparel,Sneakers,240,204,806,509,7,On-Time,0,25050.92,12098.59,163,150
ORD-1418,2025-03-30,2025-04-02,2025-04-10,Mar,Q1,2025,West,Ahmedabad-W8,ClearPath Distributors,Pharma,Face Mask,121,118,1324,238,8,Delayed,5,26357.59,17615.46,174,211
ORD-1419,2025-08-27,2025-08-29,2025-09-01,Aug,Q3,2025,North,Lucknow-W2,EcoShip India,Pharma,Vitamin C,334,307,1263,290,3,Delayed,7,18025.84,10830.54,521,461
ORD-1420,2025-08-22,2025-08-24,2025-09-02,Aug,Q3,2025,West,Mumbai-W7,Apex Logistics,Electronics,Smartphone,184,164,1411,633,9,Delayed,5,23772.05,10853.96,414,392
ORD-1421,2024-01-30,2024-01-31,2024-02-14,Jan,Q1,2024,East,Bhubaneswar-W6,BlueStar Supply Co,Automotive,Tyre,347,319,993,414,14,On-Time,0,26421.83,14496.41,95,101
ORD-1422,2025-08-12,2025-08-13,2025-08-28,Aug,Q3,2025,East,Kolkata-W5,JetStream Logistics,Electronics,Smartphone,213,195,1519,288,15,On-Time,0,7379.97,8500.94,425,365
ORD-1423,2024-12-30,2024-12-31,2025-01-06,Dec,Q4,2024,East,Kolkata-W5,IndoTrans Pvt Ltd,FMCG,Shampoo,441,381,1641,321,6,On-Time,0,44259.94,16882.8,436,390
ORD-1424,2024-10-04,2024-10-07,2024-10-20,Oct,Q4,2024,East,Kolkata-W5,IndoTrans Pvt Ltd,Automotive,Tyre,471,410,380,680,13,Delayed,8,23539.75,18576.33,103,123
ORD-1425,2024-06-07,2024-06-10,2024-06-15,Jun,Q2,2024,South,Chennai-W3,GlobalLink Supply,Pharma,Paracetamol,109,106,1991,167,5,On-Time,0,19020.81,8526.23,447,458
ORD-1426,2025-09-03,2025-09-06,2025-09-20,Sep,Q3,2025,East,Kolkata-W5,EcoShip India,Electronics,Laptop,163,141,1521,295,14,On-Time,0,18834.27,5777.14,77,80
ORD-1427,2024-04-24,2024-04-25,2024-04-27,Apr,Q2,2024,West,Ahmedabad-W8,Apex Logistics,FMCG,Detergent,66,63,1151,757,2,Delayed,2,45883.82,2779.07,207,194
ORD-1428,2024-04-08,2024-04-09,2024-04-20,Apr,Q2,2024,South,Chennai-W3,ClearPath Distributors,Apparel,T-Shirt,96,83,1628,434,11,On-Time,0,20652.64,4890.03,329,296
ORD-1429,2025-09-19,2025-09-20,2025-09-30,Sep,Q3,2025,North,Delhi-W1,JetStream Logistics,Electronics,Smartphone,416,365,677,325,10,On-Time,0,29170.69,19524.44,105,90
ORD-1430,2025-05-31,2025-06-03,2025-06-12,May,Q2,2025,East,Kolkata-W5,HyperChain Corp,Electronics,Smartphone,477,430,877,584,9,Delayed,4,23341.01,15705.37,169,200
ORD-1431,2024-04-22,2024-04-25,2024-04-29,Apr,Q2,2024,West,Ahmedabad-W8,EcoShip India,Automotive,Brake Pad,92,82,336,544,4,Delayed,10,38127.85,14366.84,459,470
ORD-1432,2025-07-21,2025-07-23,2025-07-29,Jul,Q3,2025,West,Mumbai-W7,BlueStar Supply Co,Pharma,Sanitizer,141,120,1480,653,6,On-Time,0,22836.64,11407.92,321,386
ORD-1433,2024-05-26,2024-05-28,2024-06-05,May,Q2,2024,North,Delhi-W1,BlueStar Supply Co,Apparel,Jeans,223,196,1828,563,8,Delayed,7,37634.02,7013.33,448,405
ORD-1434,2025-08-30,2025-09-01,2025-09-15,Aug,Q3,2025,West,Ahmedabad-W8,HyperChain Corp,Automotive,Battery,298,276,401,615,14,Delayed,5,27020.36,6154.79,87,108
ORD-1435,2024-02-24,2024-02-25,2024-03-05,Feb,Q1,2024,North,Delhi-W1,GlobalLink Supply,Automotive,Tyre,128,114,1376,248,9,On-Time,0,34748.63,11359.08,326,292
ORD-1436,2024-07-25,2024-07-27,2024-08-08,Jul,Q3,2024,West,Ahmedabad-W8,IndoTrans Pvt Ltd,Apparel,Jacket,464,454,1219,168,12,On-Time,0,6421.93,9747.32,430,508
ORD-1437,2025-04-05,2025-04-07,2025-04-22,Apr,Q2,2025,West,Ahmedabad-W8,HyperChain Corp,Electronics,Laptop,140,130,1862,460,15,On-Time,0,12386.49,9752.26,216,199
ORD-1438,2025-05-14,2025-05-15,2025-05-26,May,Q2,2025,West,Ahmedabad-W8,HyperChain Corp,Automotive,Engine Oil,309,265,639,656,11,On-Time,0,22000.9,14176.78,514,432
ORD-1439,2024-11-24,2024-11-25,2024-11-27,Nov,Q4,2024,North,Delhi-W1,FastTrack Carriers,Apparel,T-Shirt,441,433,798,539,2,Delayed,6,49637.55,9414.73,72,68
ORD-1440,2024-09-10,2024-09-11,2024-09-23,Sep,Q3,2024,East,Kolkata-W5,BlueStar Supply Co,Apparel,T-Shirt,222,194,1202,483,12,Delayed,7,30562.22,18225.38,142,176
ORD-1441,2025-04-25,2025-04-28,2025-04-30,Apr,Q2,2025,East,Bhubaneswar-W6,JetStream Logistics,Pharma,Sanitizer,343,296,1100,252,2,On-Time,0,14265.87,10941.17,503,455
ORD-1442,2024-12-13,2024-12-14,2024-12-25,Dec,Q4,2024,East,Bhubaneswar-W6,GlobalLink Supply,FMCG,Cooking Oil,375,366,1712,227,11,On-Time,0,29112.53,7172.4,58,64
ORD-1443,2025-08-10,2025-08-12,2025-08-26,Aug,Q3,2025,South,Chennai-W3,JetStream Logistics,Electronics,Tablet,189,162,1740,693,14,On-Time,0,14438.26,16321.73,421,373
ORD-1444,2025-05-31,2025-06-02,2025-06-10,May,Q2,2025,East,Kolkata-W5,GlobalLink Supply,Pharma,Sanitizer,369,342,1475,710,8,Delayed,1,33252.98,11292.03,139,135
ORD-1445,2024-08-06,2024-08-09,2024-08-24,Aug,Q3,2024,West,Ahmedabad-W8,IndoTrans Pvt Ltd,Automotive,Battery,339,325,222,684,15,Delayed,8,11648.47,4708.51,431,390
ORD-1446,2025-03-21,2025-03-23,2025-03-30,Mar,Q1,2025,North,Delhi-W1,GlobalLink Supply,Apparel,Jacket,380,332,1506,765,7,Delayed,4,10110.14,5454.49,184,165
ORD-1447,2024-11-13,2024-11-15,2024-11-24,Nov,Q4,2024,West,Ahmedabad-W8,Apex Logistics,FMCG,Shampoo,189,164,629,434,9,On-Time,0,12919.33,17345.38,406,409
ORD-1448,2024-01-21,2024-01-22,2024-02-06,Jan,Q1,2024,North,Lucknow-W2,JetStream Logistics,Apparel,T-Shirt,258,254,1475,242,15,On-Time,0,42791.47,17169.5,135,160
ORD-1449,2025-05-27,2025-05-28,2025-06-07,May,Q2,2025,East,Bhubaneswar-W6,BlueStar Supply Co,FMCG,Detergent,445,432,774,748,10,On-Time,0,41262.87,15391.26,502,518
ORD-1450,2024-05-27,2024-05-28,2024-06-01,May,Q2,2024,South,Bengaluru-W4,HyperChain Corp,Pharma,Sanitizer,491,460,1104,696,4,On-Time,0,47691.99,7696.82,253,256
ORD-1451,2024-09-09,2024-09-11,2024-09-25,Sep,Q3,2024,South,Bengaluru-W4,HyperChain Corp,Apparel,Jacket,60,56,1953,770,14,Delayed,1,36080.71,16198.45,145,162
ORD-1452,2025-01-28,2025-01-30,2025-02-11,Jan,Q1,2025,East,Kolkata-W5,IndoTrans Pvt Ltd,FMCG,Cooking Oil,248,211,904,411,12,On-Time,0,47134.51,15620.02,169,192
ORD-1453,2024-06-13,2024-06-15,2024-06-27,Jun,Q2,2024,East,Bhubaneswar-W6,Apex Logistics,Apparel,T-Shirt,471,455,1106,632,12,On-Time,0,46692.37,7989.0,294,256
ORD-1454,2024-04-12,2024-04-13,2024-04-26,Apr,Q2,2024,East,Kolkata-W5,FastTrack Carriers,Pharma,Sanitizer,282,269,1660,203,13,On-Time,0,13268.28,9981.29,314,368
ORD-1455,2025-02-14,2025-02-15,2025-02-27,Feb,Q1,2025,East,Bhubaneswar-W6,JetStream Logistics,Electronics,Laptop,130,115,1561,283,12,On-Time,0,35858.9,16267.56,199,203
ORD-1456,2024-05-16,2024-05-18,2024-05-22,May,Q2,2024,East,Bhubaneswar-W6,Delta Freight,Electronics,Smart Watch,238,208,1894,536,4,On-Time,0,44795.36,6040.77,59,51
ORD-1457,2025-10-24,2025-10-27,2025-11-08,Oct,Q4,2025,South,Chennai-W3,HyperChain Corp,FMCG,Biscuits,409,399,201,560,12,On-Time,0,32017.67,4686.52,197,228
ORD-1458,2025-08-03,2025-08-04,2025-08-06,Aug,Q3,2025,West,Ahmedabad-W8,HyperChain Corp,Electronics,Smartphone,415,365,1865,422,2,Delayed,8,22193.31,9763.55,150,145
ORD-1459,2024-10-16,2024-10-19,2024-10-31,Oct,Q4,2024,South,Bengaluru-W4,ClearPath Distributors,Pharma,Vitamin C,64,57,636,391,12,On-Time,0,45829.77,8653.48,412,390
ORD-1460,2024-03-28,2024-03-29,2024-04-07,Mar,Q1,2024,South,Bengaluru-W4,GlobalLink Supply,FMCG,Cooking Oil,412,376,1323,412,9,Delayed,9,7643.85,7991.53,158,160
ORD-1461,2024-12-28,2024-12-31,2025-01-12,Dec,Q4,2024,North,Delhi-W1,EcoShip India,Automotive,Battery,204,203,1474,529,12,Delayed,9,6850.62,5228.7,126,126
ORD-1462,2024-12-13,2024-12-15,2024-12-19,Dec,Q4,2024,North,Lucknow-W2,IndoTrans Pvt Ltd,Pharma,Vitamin C,183,158,190,280,4,On-Time,0,48801.72,7058.01,262,224
ORD-1463,2024-10-16,2024-10-18,2024-10-29,Oct,Q4,2024,East,Bhubaneswar-W6,GlobalLink Supply,FMCG,Biscuits,427,426,1664,304,11,On-Time,0,46528.38,13459.74,217,265
ORD-1464,2024-06-01,2024-06-02,2024-06-07,Jun,Q2,2024,South,Chennai-W3,HyperChain Corp,Apparel,Jeans,411,378,337,656,5,Delayed,6,49496.84,12095.38,273,274
ORD-1465,2024-05-31,2024-06-01,2024-06-08,May,Q2,2024,North,Delhi-W1,EcoShip India,FMCG,Shampoo,433,401,658,726,7,On-Time,0,31355.48,12503.85,42,42
ORD-1466,2025-08-07,2025-08-08,2025-08-16,Aug,Q3,2025,North,Delhi-W1,HyperChain Corp,Electronics,Tablet,63,56,1493,274,8,On-Time,0,31565.23,19121.96,434,468
ORD-1467,2024-01-30,2024-01-31,2024-02-09,Jan,Q1,2024,West,Ahmedabad-W8,EcoShip India,Automotive,Brake Pad,218,217,1443,787,9,On-Time,0,19621.2,15167.81,482,415
ORD-1468,2025-08-05,2025-08-06,2025-08-11,Aug,Q3,2025,North,Lucknow-W2,FastTrack Carriers,Electronics,Laptop,330,327,881,244,5,On-Time,0,13010.49,19370.89,463,483
ORD-1469,2024-01-22,2024-01-23,2024-01-27,Jan,Q1,2024,West,Ahmedabad-W8,EcoShip India,FMCG,Detergent,202,186,985,467,4,On-Time,0,32158.11,8462.8,100,89
ORD-1470,2025-06-08,2025-06-09,2025-06-18,Jun,Q2,2025,West,Ahmedabad-W8,HyperChain Corp,Apparel,Sneakers,96,92,1760,527,9,On-Time,0,24534.77,9668.31,60,60
ORD-1471,2025-04-19,2025-04-22,2025-04-27,Apr,Q2,2025,South,Bengaluru-W4,IndoTrans Pvt Ltd,Automotive,Brake Pad,198,182,262,639,5,On-Time,0,49288.38,14317.65,219,193
ORD-1472,2025-06-19,2025-06-21,2025-06-27,Jun,Q2,2025,North,Delhi-W1,Apex Logistics,Automotive,Brake Pad,311,284,293,625,6,On-Time,0,30581.52,6560.85,175,170
ORD-1473,2025-05-30,2025-05-31,2025-06-03,May,Q2,2025,West,Mumbai-W7,ClearPath Distributors,Pharma,Paracetamol,92,83,1542,454,3,On-Time,0,37584.26,15632.38,283,270
ORD-1474,2024-09-28,2024-09-30,2024-10-15,Sep,Q3,2024,South,Chennai-W3,ClearPath Distributors,Electronics,Tablet,496,471,988,697,15,Delayed,7,10250.52,5091.24,279,284
ORD-1475,2025-02-18,2025-02-21,2025-03-06,Feb,Q1,2025,West,Ahmedabad-W8,JetStream Logistics,Automotive,Tyre,403,383,1513,554,13,On-Time,0,8943.58,4432.05,115,137
ORD-1476,2024-01-17,2024-01-20,2024-01-25,Jan,Q1,2024,North,Delhi-W1,HyperChain Corp,FMCG,Shampoo,273,266,1857,701,5,Delayed,5,39637.45,4666.98,207,256
ORD-1477,2024-06-19,2024-06-20,2024-07-03,Jun,Q2,2024,West,Ahmedabad-W8,HyperChain Corp,Electronics,Smart Watch,349,309,703,733,13,On-Time,0,22628.0,8009.3,96,92
ORD-1478,2025-12-31,2026-01-02,2026-01-10,Dec,Q4,2025,West,Ahmedabad-W8,Apex Logistics,Pharma,Face Mask,298,276,1584,776,8,On-Time,0,45728.29,17617.42,171,158
ORD-1479,2025-06-24,2025-06-25,2025-07-03,Jun,Q2,2025,East,Kolkata-W5,EcoShip India,Pharma,Face Mask,109,100,1423,505,8,On-Time,0,24630.35,4904.0,360,411
ORD-1480,2024-12-18,2024-12-20,2024-12-25,Dec,Q4,2024,South,Bengaluru-W4,JetStream Logistics,Pharma,Vitamin C,200,191,899,576,5,On-Time,0,35289.83,15222.52,442,447
ORD-1481,2024-06-14,2024-06-17,2024-06-22,Jun,Q2,2024,East,Kolkata-W5,HyperChain Corp,FMCG,Shampoo,152,132,1107,253,5,On-Time,0,47437.46,10887.05,141,160
ORD-1482,2024-02-18,2024-02-19,2024-02-26,Feb,Q1,2024,East,Bhubaneswar-W6,ClearPath Distributors,FMCG,Detergent,463,397,981,266,7,On-Time,0,10430.96,6033.72,205,172
ORD-1483,2024-12-29,2024-12-30,2025-01-13,Dec,Q4,2024,East,Kolkata-W5,IndoTrans Pvt Ltd,Automotive,Brake Pad,411,352,996,618,14,On-Time,0,39009.4,19543.88,459,440
ORD-1484,2024-04-14,2024-04-17,2024-04-19,Apr,Q2,2024,North,Delhi-W1,BlueStar Supply Co,FMCG,Biscuits,130,124,1550,602,2,On-Time,0,27427.6,17668.87,124,118
ORD-1485,2024-12-08,2024-12-09,2024-12-12,Dec,Q4,2024,South,Bengaluru-W4,GlobalLink Supply,Electronics,Smartphone,477,463,799,443,3,On-Time,0,8835.52,8703.85,411,426
ORD-1486,2025-10-06,2025-10-09,2025-10-14,Oct,Q4,2025,South,Bengaluru-W4,Delta Freight,FMCG,Cooking Oil,261,257,1939,619,5,On-Time,0,28226.99,14279.58,53,55
ORD-1487,2024-01-11,2024-01-14,2024-01-28,Jan,Q1,2024,North,Delhi-W1,FastTrack Carriers,Apparel,Sneakers,445,389,225,552,14,On-Time,0,34707.93,13546.38,516,502
ORD-1488,2025-10-08,2025-10-11,2025-10-25,Oct,Q4,2025,East,Bhubaneswar-W6,GlobalLink Supply,Automotive,Tyre,419,402,1962,502,14,Delayed,5,45509.38,12987.22,124,115
ORD-1489,2025-04-01,2025-04-04,2025-04-09,Apr,Q2,2025,West,Ahmedabad-W8,GlobalLink Supply,FMCG,Biscuits,93,79,785,549,5,On-Time,0,38302.35,4268.1,288,316
ORD-1490,2024-04-05,2024-04-08,2024-04-18,Apr,Q2,2024,East,Bhubaneswar-W6,ClearPath Distributors,Electronics,Laptop,457,425,629,397,10,On-Time,0,18677.39,9609.43,251,298
ORD-1491,2024-03-02,2024-03-04,2024-03-10,Mar,Q1,2024,East,Kolkata-W5,Apex Logistics,Electronics,Smart Watch,202,189,110,614,6,On-Time,0,15624.38,15423.65,345,337
ORD-1492,2025-10-04,2025-10-07,2025-10-17,Oct,Q4,2025,South,Bengaluru-W4,EcoShip India,Apparel,Jeans,415,376,1610,403,10,Delayed,9,31206.61,16811.17,219,224
ORD-1493,2024-05-30,2024-06-02,2024-06-10,May,Q2,2024,West,Mumbai-W7,BlueStar Supply Co,Electronics,Smart Watch,116,106,1013,229,8,On-Time,0,28681.5,12588.31,339,305
ORD-1494,2024-09-27,2024-09-30,2024-10-09,Sep,Q3,2024,West,Ahmedabad-W8,HyperChain Corp,Pharma,Vitamin C,123,113,1092,618,9,Delayed,9,43847.22,4125.05,145,148
ORD-1495,2024-02-03,2024-02-06,2024-02-10,Feb,Q1,2024,East,Kolkata-W5,JetStream Logistics,Pharma,Paracetamol,111,100,693,191,4,On-Time,0,10298.4,7488.64,212,231
ORD-1496,2025-05-12,2025-05-13,2025-05-27,May,Q2,2025,South,Chennai-W3,JetStream Logistics,Pharma,Paracetamol,206,202,541,337,14,On-Time,0,26995.71,4201.9,180,218
ORD-1497,2024-02-15,2024-02-17,2024-02-26,Feb,Q1,2024,East,Bhubaneswar-W6,FastTrack Carriers,Pharma,Face Mask,477,456,1340,285,9,On-Time,0,27714.37,10296.85,288,270
ORD-1498,2024-06-01,2024-06-04,2024-06-11,Jun,Q2,2024,North,Lucknow-W2,GlobalLink Supply,FMCG,Cooking Oil,223,207,1473,603,7,On-Time,0,34066.24,17587.16,325,402
ORD-1499,2025-10-07,2025-10-10,2025-10-16,Oct,Q4,2025,North,Delhi-W1,Delta Freight,Automotive,Brake Pad,341,316,1637,637,6,On-Time,0,5839.88,13848.58,272,312
ORD-1500,2024-01-20,2024-01-22,2024-02-05,Jan,Q1,2024,South,Chennai-W3,JetStream Logistics,Pharma,Paracetamol,463,430,756,561,14,On-Time,0,27116.29,18809.28,208,214
